lat,lon,s5p_co,s5p_no2,s5p_o3,s5p_so2,modis_aod_047,viirs_ntl
-6.36456378798681,106.88604408096128,0.0345490968378036,8.462390634476487e-05,0.1167713385040289,8.326221931979991e-05,374.6666666666666,25.751492432185582
-6.36456378798681,106.89502723380248,0.0345341980742236,8.298189662918535e-05,0.1167592195074209,6.823417077681224e-05,379.3333333333333,20.227253014700757
-6.36456378798681,106.91299353948486,0.0343007059222449,8.105624593173914e-05,0.1167536194940337,6.911993439789065e-05,380.3333333333333,25.102144507951635
-6.355580635145615,106.79621255254932,0.0345115869261115,8.292941973564842e-05,0.1167554121997341,8.335028868291447e-05,402.8333333333333,31.692071295403814
-6.355580635145615,106.80519570539052,0.0345273111932396,8.726822761902502e-05,0.1167570733834688,9.75150524936936e-05,402.75,33.87858849602777
-6.355580635145615,106.81417885823171,0.0347810833257843,8.704327421331402e-05,0.116639033707069,6.861766191848123e-05,403.3333333333333,31.159105018333157
-6.355580635145615,106.82316201107292,0.0348249522795908,8.839966337512988e-05,0.1167614354039218,8.50033561722001e-05,392.33333333333337,26.825365481169328
-6.355580635145615,106.87706092812007,0.0345203136182906,8.890785297930589e-05,0.1168850250334547,6.826814135494815e-05,394.2,28.98187947385188
-6.355580635145615,106.88604408096128,0.0347659721347657,8.710406221601385e-05,0.1168840477070812,6.841302083428377e-05,386.75,26.91865092515945
-6.355580635145615,106.89502723380248,0.0345097824635386,8.698145190586097e-05,0.1167604393282092,7.137731693780352e-05,388.3333333333333,23.2202562030993
-6.355580635145615,106.90401038664366,0.0345567207596291,8.878232612249127e-05,0.1167647110166461,6.819900023385886e-05,388.4285714285714,21.66993280920652
-6.355580635145615,106.91299353948486,0.0343306913389533,8.661238856180951e-05,0.1167652939943087,5.061953033849135e-05,388.6666666666667,23.937210889963005
-6.34659748230442,106.79621255254932,0.0347742527973097,8.71850362772793e-05,0.1167550938886981,9.921386511630284e-05,402.6666666666667,39.37870981852213
-6.34659748230442,106.80519570539052,0.0347888533796615,8.847376906749056e-05,0.116757154881026,9.863152257446714e-05,394.6666666666667,35.33820630587064
-6.34659748230442,106.81417885823171,0.0347652558450041,8.827520684033302e-05,0.1167498209837138,9.034844095396828e-05,388.3333333333333,33.57775955200195
-6.34659748230442,106.82316201107292,0.0348055437850739,8.993587471190097e-05,0.1167676270181338,0.0001142304304414344,388.4,29.822755571395632
-6.34659748230442,106.83214516391408,0.0347881847561302,9.147625385257e-05,0.1167559290037131,6.964806670932918e-05,388.6666666666667,30.180710575036837
-6.34659748230442,106.85909462243768,0.035022156373856,9.266164848090324e-05,0.1167604892738625,7.560555569678009e-05,393.6666666666667,30.650491290622288
-6.34659748230442,106.86807777527888,0.0347728156107803,9.23367405007602e-05,0.1167635106348728,6.860120685806075e-05,396.125,31.771674394607544
-6.34659748230442,106.87706092812007,0.0345434885631294,9.299126379635023e-05,0.1167787841714858,6.149047854378432e-05,394.2857142857143,28.92250004410744
-6.34659748230442,106.88604408096128,0.0345456234576726,9.046497412538107e-05,0.1167579358719414,6.78479708138912e-05,387.0,29.30502586364746
-6.34659748230442,106.89502723380248,0.034524417881434,9.090735641774104e-05,0.11676432403619,7.04147749846041e-05,394.5,27.867111206054688
-6.34659748230442,106.90401038664366,0.0345288629626313,8.866708648792424e-05,0.1167702323809257,7.031760478226038e-05,395.2,25.82140827178955
-6.34659748230442,106.91299353948486,0.0343373951573622,8.854739689956742e-05,0.1167698961334831,7.014001104447961e-05,387.44444444444446,24.444374443502987
-6.337614329463224,106.80519570539052,0.0348462577285032,9.442452925202026e-05,0.116761746341476,8.605932276701106e-05,395.6666666666667,32.91907965618631
-6.337614329463224,106.81417885823171,0.0348222430905035,9.432440461333286e-05,0.1167440101571326,8.519190165387433e-05,387.8,30.445289408906977
-6.337614329463224,106.82316201107292,0.0349095010167315,9.039103441741324e-05,0.1167575252701104,8.75139058830712e-05,394.6666666666667,29.602381865183517
-6.337614329463224,106.83214516391408,0.0348210483432695,9.305199785925062e-05,0.1167575161095418,3.674153390293868e-05,386.8571428571428,31.08912527561188
-6.337614329463224,106.84112831675527,0.0350214658860634,9.684546563269906e-05,0.1167594281232865,4.600582876595977e-05,379.9090909090909,29.608938443458687
-6.337614329463224,106.85011146959648,0.0350052621215371,9.752371065323805e-05,0.1167601826169114,3.888063929499629e-05,378.8333333333333,29.857446504675824
-6.337614329463224,106.85909462243768,0.0350052621215371,9.752371065323805e-05,0.1167601826169114,3.888063929499629e-05,396.2857142857143,31.418656684256888
-6.337614329463224,106.86807777527888,0.0347963509477425,9.758033746672626e-05,0.1167745815727673,6.929175842265519e-05,400.8625,31.111978912353518
-6.337614329463224,106.87706092812007,0.0348011516692064,9.725402263345909e-05,0.1167574419114808,6.793806863837993e-05,402.3333333333333,29.140298692803636
-6.337614329463224,106.88604408096128,0.0347845360868418,9.294797842494834e-05,0.1167613240167994,6.70409882014184e-05,390.0,31.67244095272488
-6.337614329463224,106.89502723380248,0.0345254664428903,9.279614762200513e-05,0.1166333210997723,6.951573472347568e-05,400.5,29.12189178466797
-6.337614329463224,106.90401038664366,0.0345415466082721,9.240384161757435e-05,0.1167754477943611,8.452124750821198e-05,396.5,26.632167642766778
-6.337614329463224,106.91299353948486,0.0343336272281605,9.231041259397595e-05,0.1167855946323928,7.69940348462341e-05,403.6666666666667,24.52519927153716
-6.32863117662203,106.80519570539052,0.0350358065988276,9.448211617279637e-05,0.1167603485190424,6.295756469524219e-05,395.5,33.88690121558405
-6.32863117662203,106.81417885823171,0.0350112169068647,9.40448480833628e-05,0.1167492972115729,5.926038509396803e-05,395.4,30.38830541527789
-6.32863117662203,106.82316201107292,0.0350013473926324,9.630460165978526e-05,0.1167612794095861,7.018614393435423e-05,378.8333333333333,31.86499757033128
-6.32863117662203,106.83214516391408,0.0349947822737253,0.00010127104664184982,0.1167721321956397,3.820159751443017e-05,384.83333333333337,32.37854241633761
-6.32863117662203,106.84112831675527,0.0349978210214782,9.685389146336203e-05,0.1167630128268039,2.450598655251974e-05,382.85,29.86675192604602
-6.32863117662203,106.85011146959648,0.0350300774299017,0.0001012586259890103,0.1167630309929568,3.877957685998672e-05,382.0,30.120909773785137
-6.32863117662203,106.85909462243768,0.0350300774299017,0.0001012586259890103,0.1167630309929568,3.877957685998672e-05,387.125,31.74270392381228
-6.32863117662203,106.86807777527888,0.034834012820204,0.00010142651366801538,0.1167619791400029,4.0741380003606125e-05,404.5,30.69999468768085
-6.32863117662203,106.87706092812007,0.0349967053376294,0.00010115980214401332,0.1167625891864683,4.016816092183779e-05,396.0,30.67027689860417
-6.32863117662203,106.88604408096128,0.0350183659993232,9.619344703679664e-05,0.1167424599041697,7.573432346876855e-05,395.8571428571428,31.65961884163521
-6.32863117662203,106.89502723380248,0.0347755740458708,9.46549300159605e-05,0.1167601302844504,8.451094618062071e-05,396.6666666666667,27.223124137291546
-6.32863117662203,106.90401038664366,0.0347728902498789,9.632209812169152e-05,0.1167726704064309,0.000100146843004206,403.75,26.06043281555176
-6.32863117662203,106.91299353948486,0.034337406329202,9.65408701806086e-05,0.1167779248662552,9.991825748962618e-05,404.8,21.419385544459026
-6.319648023780834,106.81417885823171,0.0348405345660539,9.67719366639103e-05,0.1167550431569209,5.160853655112928e-05,394.5,31.398394474616417
-6.319648023780834,106.82316201107292,0.0349153786311052,9.8607147530129e-05,0.1167678099988022,4.733144761966979e-05,405.6666666666667,29.882525228684948
-6.319648023780834,106.83214516391408,0.0349897012287055,0.00010145725517351557,0.1167710735371583,3.9294887996506114e-05,395.8571428571428,29.40513845590445
-6.319648023780834,106.84112831675527,0.0352920834263533,0.00010097236170123474,0.1167591024673437,3.9293017709498816e-05,387.8,30.356758552022495
-6.319648023780834,106.85011146959648,0.0350086130887338,0.00010149856844256694,0.1167647949319859,6.76448965090551e-05,395.6,28.3127844961066
-6.319648023780834,106.85909462243768,0.0350086130887338,0.00010149856844256694,0.1167647949319859,6.76448965090551e-05,403.0,30.643725633621216
-6.319648023780834,106.86807777527888,0.0348954409419574,0.00010482646524690448,0.1167608587770915,7.107699686944252e-05,403.4,29.87399041025262
-6.319648023780834,106.87706092812007,0.0350084326663871,0.00010558687000869904,0.1167635158395624,7.076329416457856e-05,391.6875,31.65134435381208
-6.319648023780834,106.88604408096128,0.035008936876794,0.00010412728004381117,0.1167535562795949,6.920025016222886e-05,396.0,34.952510888235906
-6.319648023780834,106.89502723380248,0.0350106864281681,0.00010056079707191007,0.1167585107473868,5.288801946002253e-05,396.8333333333333,29.596112285341537
-6.319648023780834,106.90401038664366,0.0350006730030054,0.000101177486275834,0.1167624974500783,6.853819476575532e-05,416.1666666666666,27.576020154086027
-6.319648023780834,106.91299353948486,0.0345676240682663,9.763476523827144e-05,0.1167638904102434,8.452124893679007e-05,411.0,21.66645622253418
-6.310664870939639,106.77824624686691,0.0349263931077268,9.812462121766224e-05,0.1167424173540531,4.067077613129542e-05,409.3333333333333,32.20402908325195
-6.310664870939639,106.78722939970812,0.0352506958537545,9.386888001026376e-05,0.1167562016174241,4.00080917341993e-05,402.25,31.168049696720008
-6.310664870939639,106.79621255254932,0.0350383674157429,9.672757287287808e-05,0.1167463559464512,5.457435889318251e-05,403.6,34.70884554313891
-6.310664870939639,106.80519570539052,0.0350142861194372,9.869837958825414e-05,0.1167669205051147,3.88958212851673e-05,404.75,33.60526518388228
-6.310664870939639,106.81417885823171,0.0348405345660539,9.67719366639103e-05,0.1167550431569209,5.160853655112928e-05,386.0,31.622253799438475
-6.310664870939639,106.82316201107292,0.0349153786311052,9.8607147530129e-05,0.1167678099988022,4.733144761966979e-05,395.5,23.43369209405148
-6.310664870939639,106.83214516391408,0.0349897012287055,0.00010145725517351557,0.1167710735371583,3.9294887996506114e-05,387.25,28.650858176381963
-6.310664870939639,106.84112831675527,0.0352920834263533,0.00010097236170123474,0.1167591024673437,3.9293017709498816e-05,386.75,33.89159633228614
-6.310664870939639,106.85011146959648,0.0350086130887338,0.00010149856844256694,0.1167647949319859,6.76448965090551e-05,400.0,29.583006117078995
-6.310664870939639,106.85909462243768,0.0350086130887338,0.00010149856844256694,0.1167647949319859,6.76448965090551e-05,403.5,34.57920045119066
-6.310664870939639,106.86807777527888,0.0348954409419574,0.00010482646524690448,0.1167608587770915,7.107699686944252e-05,395.5,34.851433817545576
-6.310664870939639,106.87706092812007,0.0350084326663871,0.00010558687000869904,0.1167635158395624,7.076329416457856e-05,401.5,37.44224289136055
-6.310664870939639,106.88604408096128,0.035008936876794,0.00010412728004381117,0.1167535562795949,6.920025016222886e-05,394.5,39.039373494810974
-6.310664870939639,106.89502723380248,0.0350106864281681,0.00010056079707191007,0.1167585107473868,5.288801946002253e-05,412.0,34.93372573852539
-6.310664870939639,106.90401038664366,0.0350006730030054,0.000101177486275834,0.1167624974500783,6.853819476575532e-05,420.0,29.842584759581325
-6.310664870939639,106.91299353948486,0.0345676240682663,9.763476523827144e-05,0.1167638904102434,8.452124893679007e-05,428.7142857142857,29.564127095540364
-6.301681718098443,106.77824624686691,0.0348180373288423,0.00010192407528525266,0.1167444776055223,3.847215964980133e-05,412.5,36.148254818386505
-6.301681718098443,106.78722939970812,0.0352825567691793,0.00010207718576982788,0.1167438999894737,6.762482644053833e-05,401.6666666666667,36.70766773739376
-6.301681718098443,106.79621255254932,0.0349632169713208,0.00010213749511296511,0.1168767202334843,3.848614966287039e-05,413.1666666666667,40.15554222307707
-6.301681718098443,106.80519570539052,0.0351162149451627,0.0001020897058145435,0.1167524291066188,5.510536694521789e-05,419.3333333333333,35.32702907883977
-6.301681718098443,106.81417885823171,0.034960213621298,0.00010024383810902152,0.1167554319773627,7.776325099218693e-05,410.4285714285714,34.666334576076935
-6.301681718098443,106.82316201107292,0.0349403235435266,0.00010039457508841416,0.1167584606628223,3.827917705907172e-05,403.6666666666667,35.41640538906832
-6.301681718098443,106.83214516391408,0.0350108107253679,0.00010223502690011203,0.1167635097249658,3.748513191018074e-05,395.3333333333333,32.593039044466884
-6.301681718098443,106.84112831675527,0.0349976694805442,0.00010178147607425152,0.1167615761545249,3.924371044219549e-05,398.8333333333333,40.34994548075908
-6.301681718098443,106.85011146959648,0.0348890573763739,0.00010469667812250229,0.1167782800941171,3.924742069512695e-05,394.1666666666667,35.297174484010725
-6.301681718098443,106.85909462243768,0.0348890573763739,0.00010469667812250229,0.1167782800941171,3.924742069512695e-05,401.8333333333333,43.68240306416496
-6.301681718098443,106.86807777527888,0.0349853574636732,0.00010440922144785244,0.1167731811697741,7.390679380120801e-05,410.5,40.16104721696409
-6.301681718098443,106.87706092812007,0.0350139034467287,0.00010476069702438616,0.116765775437704,8.613168633584016e-05,403.4,39.14051037956686
-6.301681718098443,106.88604408096128,0.0350253750855217,0.00010504914445939398,0.1167480727562879,6.306554863077499e-05,411.25,49.67579814365932
-6.301681718098443,106.89502723380248,0.0350335682997416,0.00010124669360166905,0.1167498608865598,9.21222015208598e-05,411.22222222222223,38.77898597717285
-6.301681718098443,106.90401038664366,0.0350397672320057,0.00010044149630681964,0.1167541936869812,8.353290976464105e-05,428.5,27.10058926427087
-6.301681718098443,106.91299353948486,0.0348881609789041,9.8699393184359e-05,0.1167586759579027,8.098337276455542e-05,443.25,27.470983686901278
-6.292698565257249,106.76926309402572,0.0353278184037229,0.00010502271580181108,0.1166448850753651,4.031378555659828e-05,426.3333333333333,39.07865469796317
-6.292698565257249,106.77824624686691,0.0350281816846825,0.00010152560147321644,0.1166500270800989,3.955614935629311e-05,412.0,45.83511570521763
-6.292698565257249,106.78722939970812,0.0349966957476551,0.00010450074864670009,0.1167567883254344,5.430877654808433e-05,411.0,50.09231237059865
-6.292698565257249,106.79621255254932,0.0347912872810686,0.00010433213314768568,0.1167580315684801,5.630667543391805e-05,421.0,49.16401788300159
-6.292698565257249,106.80519570539052,0.0348058762857438,0.00010458258263308296,0.1167500413851461,3.548903868020984e-05,411.4,52.18146741712415
-6.292698565257249,106.81417885823171,0.0348318925297228,0.0001015464463100901,0.1168807077785409,5.487775484561371e-05,406.3333333333333,41.22278639849495
-6.292698565257249,106.82316201107292,0.0348110709087217,0.00010203900202977304,0.1168890575223283,4.556540406557057e-05,387.3333333333333,38.65726234172953
-6.292698565257249,106.83214516391408,0.0350275799734281,0.00010289899959540197,0.1168757726973184,5.47422823295025e-05,389.6666666666667,35.668120816222626
-6.292698565257249,106.84112831675527,0.0350324708746292,0.00010642156363838046,0.1168811360337699,3.787796528053136e-05,396.6666666666667,36.36964943968219
-6.292698565257249,106.85011146959648,0.034811240957306,0.00010566386946319112,0.1168755288728453,3.818971964593464e-05,403.25,31.156436284383137
-6.292698565257249,106.85909462243768,0.034811240957306,0.00010566386946319112,0.1168755288728453,3.818971964593464e-05,403.3333333333333,34.08433448791504
-6.292698565257249,106.86807777527888,0.0347817593234019,0.0001077944697800936,0.1167544428019792,6.334059232764556e-05,404.75,40.19383507966995
-6.292698565257249,106.87706092812007,0.0348988416106808,0.00010421533119519008,0.1167618620425613,7.156968849189385e-05,403.8571428571428,39.27806847807649
-6.292698565257249,106.88604408096128,0.0350381833248904,0.0001086619951899492,0.1168767451565175,5.116124188061921e-05,406.07142857142856,39.21052397542925
-6.292698565257249,106.89502723380248,0.0347680601474071,0.00010493640719680492,0.1167528231073625,5.2336332891284405e-05,417.4,31.872760354018794
-6.292698565257249,106.90401038664366,0.0350088745697162,0.00010310803590968257,0.1168199375581213,9.320171766882346e-05,412.8,29.086219692230223
-6.283715412416053,106.76027994118454,0.035295410648035,0.00010486911677122712,0.116647181432267,2.1018237290794992e-05,418.1666666666667,32.15660617052219
-6.283715412416053,106.76926309402572,0.035295410648035,0.00010486911677122712,0.116647181432267,2.1018237290794992e-05,419.7142857142857,45.77532018869409
-6.283715412416053,106.77824624686691,0.0350302476435658,0.00010490850307397484,0.1167571438556649,4.847406932989489e-05,418.57142857142856,50.84968912033808
-6.283715412416053,106.78722939970812,0.0350375361637064,0.00010514576926887104,0.1167442931171972,6.252180337456902e-05,420.125,43.44231585093907
-6.283715412416053,106.79621255254932,0.0349288167563479,0.00010453664524204673,0.1167541051278205,5.022366324475232e-05,419.0,46.12389322916667
-6.283715412416053,106.80519570539052,0.0348206455628362,0.00010298239196869346,0.1167579518501454,3.669462671627917e-05,419.75,50.69427630106608
-6.283715412416053,106.81417885823171,0.0348370949149548,0.00010493215683126368,0.1167659834254267,5.393327832342754e-05,402.6666666666667,41.35226356377036
-6.283715412416053,106.82316201107292,0.0348265683690889,0.00010382272193980934,0.1168818391176996,2.095578459713129e-05,396.0,39.861245522132286
-6.283715412416053,106.83214516391408,0.0348226170903925,0.00010709766449539672,0.1168735041100104,3.472189635829717e-05,389.6666666666667,36.42437207698822
-6.283715412416053,106.84112831675527,0.0348093909255494,0.00010765278603730442,0.1168762966941706,4.564687832933201e-05,387.5,38.37031936645508
-6.283715412416053,106.85011146959648,0.0348276059681368,0.0001075873485987194,0.1168722591869733,3.9785562968504685e-05,404.0,33.914068000261175
-6.283715412416053,106.85909462243768,0.0348276059681368,0.0001075873485987194,0.1168722591869733,3.9785562968504685e-05,398.7857142857143,33.14827407836914
-6.283715412416053,106.86807777527888,0.0347684687299175,0.00010684655539429085,0.1168766803589068,5.549935731626892e-05,400.75,35.100695972711264
-6.283715412416053,106.87706092812007,0.0348090272149999,0.00010783562260907533,0.1168763301327107,5.262565540890079e-05,395.0,35.97103259437963
-6.283715412416053,106.88604408096128,0.0349985226749922,0.00010822786265854618,0.1168695420630155,5.1944529241405e-05,396.6666666666667,27.82732340005728
-6.283715412416053,106.89502723380248,0.035020348082873,0.0001047197195014054,0.116869193583493,5.461743001482538e-05,411.25,26.66492685221009
-6.283715412416053,106.90401038664366,0.034794747061692,0.00010310362509986727,0.1168708427188342,5.4078559206538287e-05,413.0,31.66960221006159
-6.274732259574858,106.76027994118454,0.0350581852825461,0.0001084774070976338,0.1166535238991214,2.034378818014656e-05,420.5,40.7603231076841
-6.274732259574858,106.76926309402572,0.0350581852825461,0.0001084774070976338,0.1166535238991214,2.034378818014656e-05,445.0,38.86135721842448
-6.274732259574858,106.77824624686691,0.0350388232016211,0.00010843295342976966,0.1166533717661169,5.550023995198756e-05,430.75,41.84379323323568
-6.274732259574858,106.78722939970812,0.0350380472368464,0.00010841250395802548,0.1167564064289861,6.922468067685954e-05,425.3333333333333,36.88567365679825
-6.274732259574858,106.79621255254932,0.0350355829353581,0.00010859454044999472,0.1167527938441453,5.179759294811228e-05,426.7142857142857,41.9259271773081
-6.274732259574858,106.80519570539052,0.0348384033888369,0.00010479009077533249,0.1167670762516071,3.956539244220816e-05,420.0,44.577136126431554
-6.274732259574858,106.81417885823171,0.0348310926612377,0.00010442888175753104,0.1167565323509735,7.365629081817462e-06,415.75,44.07843589782715
-6.274732259574858,106.82316201107292,0.0348336932043667,0.00010382272193958802,0.1168738870480877,6.038339140742292e-06,421.2,39.735078539167134
-6.274732259574858,106.83214516391408,0.0350426026748783,0.00010600337445823294,0.1168755852209615,1.909758503582869e-05,403.25,37.60496885435922
-6.274732259574858,106.84112831675527,0.034832996290712,0.00010879608191701329,0.1168729066958884,5.41504653189713e-05,395.6666666666667,36.940638880575854
-6.274732259574858,106.85011146959648,0.0347916477697688,0.0001076699706580334,0.1168609829303077,5.16404215835628e-05,396.6,32.61135005950928
-6.274732259574858,106.85909462243768,0.0347916477697688,0.0001076699706580334,0.1168609829303077,5.16404215835628e-05,402.6,40.74081099660773
-6.274732259574858,106.86807777527888,0.034804788321288,0.00010768827633018356,0.1168684806486139,9.357637094005723e-05,403.0,39.1919303608832
-6.274732259574858,106.87706092812007,0.0348052999254333,0.00010768827568592038,0.1168772468032139,6.883221309910284e-05,400.0,28.12925459543864
-6.274732259574858,106.88604408096128,0.0349993846667214,0.00010844652417597029,0.1168736568072918,6.748421756112311e-05,403.6666666666667,24.43059145171067
-6.274732259574858,106.89502723380248,0.034994955078026,0.00010463617446876198,0.1168671078272744,4.483112446657488e-05,411.6,20.338314182502177
-6.274732259574858,106.90401038664366,0.0349074218681132,0.00010494409686981892,0.1168650788063358,5.659239041629009e-05,431.5,22.928098678588867
-6.265749106733662,106.75129678834334,0.035263055945714,0.00011101707191955137,0.1167536916442538,-5.822069100684014e-06,412.4,35.89373253487252
-6.265749106733662,106.76027994118454,0.0352987286498004,0.00011330037523303166,0.1167521926714468,7.550615003947601e-06,411.5,41.628366470336914
-6.265749106733662,106.76926309402572,0.0352987286498004,0.00011330037523303166,0.1167521926714468,7.550615003947601e-06,428.75,38.63826134330348
-6.265749106733662,106.77824624686691,0.0350301437079696,0.00011314929965689727,0.1167500012129366,3.925747577078576e-05,434.6666666666667,49.62643170047116
-6.265749106733662,106.78722939970812,0.0350330091835886,0.0001125676443509178,0.116766964533613,3.67892658637237e-05,436.3333333333333,47.204146222370426
-6.265749106733662,106.79621255254932,0.0350370597972001,0.00011211979221003434,0.1167472218018247,4.7181997942231314e-05,430.9,45.81402415722872
-6.265749106733662,106.80519570539052,0.0348448400006733,0.00011235636760116672,0.116758620881474,3.729398999783517e-05,419.0,45.81412747031764
-6.265749106733662,106.81417885823171,0.0348579701941537,0.00010841660660182509,0.1167591070671499,3.3775831853776005e-06,427.6,50.617556604845774
-6.265749106733662,106.82316201107292,0.0348329078229155,0.00010883217143545426,0.1168818768134131,4.230951474531276e-05,413.1666666666667,41.09662691752116
-6.265749106733662,106.83214516391408,0.0350325844083298,0.00010882760270014892,0.1168684467771786,1.8732041356701825e-05,422.3333333333333,41.18815268239668
-6.265749106733662,106.84112831675527,0.0348430348395603,0.00010826347252739372,0.116875685942662,4.8176411558840055e-05,410.0,39.0936996459961
-6.265749106733662,106.85011146959648,0.0348025151902296,0.00010820102034112172,0.1168664829508824,5.283778768303778e-05,399.1666666666667,35.833221435546875
-6.265749106733662,106.85909462243768,0.0348025151902296,0.00010820102034112172,0.1168664829508824,5.283778768303778e-05,396.3333333333333,42.23083128008926
-6.265749106733662,106.86807777527888,0.0348241646816568,0.0001083244071570174,0.1168620315659639,6.911415547015012e-05,396.2,40.70246895432194
-6.265749106733662,106.87706092812007,0.0347862015038785,0.00010850911466949412,0.1168626018878589,9.49514392748376e-05,404.0,35.13731488314542
-6.265749106733662,106.88604408096128,0.035072985430145,0.00010855321947907176,0.1168716478371919,0.00011661415173724497,421.4,35.64189628932787
-6.265749106733662,106.89502723380248,0.0350078787420264,0.00010412088362227328,0.1167786999769324,9.692167480832606e-05,427.7142857142857,31.100758158642314
-6.265749106733662,106.90401038664366,0.035006544515277,0.0001015576453936262,0.116868144676517,6.874063187004273e-05,435.7142857142857,27.304119985611717
-6.256765953892468,106.76027994118454,0.0350173805737447,0.00011679165643944204,0.1167630827543128,-2.632898067963788e-05,412.3333333333333,39.11398394745175
-6.256765953892468,106.76926309402572,0.0350173805737447,0.00011679165643944204,0.1167630827543128,-2.632898067963788e-05,426.5,42.45289385229125
-6.256765953892468,106.77824624686691,0.0352852246480517,0.00012195615984086688,0.1167568001618634,8.395400777401285e-06,427.0,43.83426305982802
-6.256765953892468,106.78722939970812,0.0352753375743743,0.0001203426844672358,0.1168179874759857,1.448711786339022e-05,427.7142857142857,42.37153644210722
-6.256765953892468,106.79621255254932,0.0350143330673617,0.00012378761450334866,0.1167473247672233,4.1526174675998975e-05,427.8571428571428,49.14175450642904
-6.256765953892468,106.80519570539052,0.0350327598753433,0.0001205707249899023,0.1167428514765198,2.258302510907349e-05,418.5,53.39090782299376
-6.256765953892468,106.81417885823171,0.0348568687752279,0.0001184213673950073,0.1167511256467139,6.796478444418237e-06,399.0,51.86167229997351
-6.256765953892468,106.82316201107292,0.0350500002738966,0.0001129670719522197,0.1167558091785829,6.7268574119751896e-06,403.8,42.93171482701455
-6.256765953892468,106.83214516391408,0.0350271418069106,0.00011299333156326226,0.1168686517011674,4.012851397063322e-05,411.3333333333333,39.88911078957951
-6.256765953892468,106.84112831675527,0.034840382606639,0.00011294059970789814,0.1167688467419195,6.83580105864774e-05,421.0,40.87085455817145
-6.256765953892468,106.85011146959648,0.0348432845003392,0.00010871281228081532,0.1168657067826024,5.21189330672924e-05,403.5,42.14950490880896
-6.256765953892468,106.85909462243768,0.0348432845003392,0.00010871281228081532,0.1168657067826024,5.21189330672924e-05,404.5,40.89176061202069
-6.256765953892468,106.86807777527888,0.0348222494723369,0.00010432533267913748,0.1168574323170165,6.921284629354841e-05,405.1666666666667,42.93451110839844
-6.256765953892468,106.87706092812007,0.0348034960824605,0.00010862671323178764,0.1167696597325771,6.706044353532044e-05,399.0535714285714,39.42956275206346
-6.256765953892468,106.88604408096128,0.0348174032086741,0.00010775423640223652,0.1167531198537298,7.953829610779403e-05,412.6666666666667,31.530056132210625
-6.256765953892468,106.89502723380248,0.0347876380409907,0.0001040575576630969,0.1167771391731014,9.269999365317613e-05,427.0,30.13948652479384
-6.256765953892468,106.90401038664366,0.0347861246773016,0.00010015503241157564,0.116888652105346,7.975432897982298e-05,419.6666666666667,34.79578252585537
-6.256765953892468,106.91299353948486,0.0347458454433854,9.43266530778619e-05,0.1167596403251807,8.686619185746082e-05,427.8,40.87623964037214
-6.247782801051272,106.75129678834334,0.0354769744338922,0.00012043829751901668,0.1168801035987877,-2.369035961118367e-05,435.6,34.42904019502043
-6.247782801051272,106.76027994118454,0.0357708650278024,0.0001238424687163519,0.1168715029622519,-3.864251114649018e-05,443.3333333333333,35.41891568899155
-6.247782801051272,106.76926309402572,0.0357708650278024,0.0001238424687163519,0.1168715029622519,-3.864251114649018e-05,436.5,34.91418728527722
-6.247782801051272,106.77824624686691,0.0357882528568467,0.0001240533930003502,0.116883899023651,1.6188282609170937e-07,420.5,44.95762210422092
-6.247782801051272,106.78722939970812,0.03546912806408,0.000124042797630213,0.1168807124137561,1.526513512825393e-05,423.56666666666666,46.65198112627782
-6.247782801051272,106.79621255254932,0.0352957107592485,0.0001279542198759742,0.1167419315463896,4.1677648846215256e-05,410.1666666666667,61.62365236469344
-6.247782801051272,106.80519570539052,0.0352652182138012,0.00013142021091200735,0.1167517656459192,7.124226572708493e-06,404.57142857142856,61.76197511058743
-6.247782801051272,106.81417885823171,0.0350196002459748,0.00012772755787109907,0.1167399201120969,2.144308953274817e-05,396.5,45.81390229393454
-6.247782801051272,106.82316201107292,0.0350362605641747,0.00012750190702104114,0.1168786455828849,1.8732041098690053e-05,427.0,46.37560339819027
-6.247782801051272,106.83214516391408,0.0350325050839721,0.00012396483016655885,0.1167559105652094,4.442694474319732e-05,418.0,46.8520259312221
-6.247782801051272,106.84112831675527,0.0350481670919791,0.00012065746095423493,0.1167578027924018,5.316894241388528e-05,424.5,45.68486090629332
-6.247782801051272,106.85011146959648,0.0350330648031548,0.00011280143022607648,0.1168625283397972,5.3591449689212776e-05,425.3636363636364,51.34056815234098
-6.247782801051272,106.85909462243768,0.0350330648031548,0.00011280143022607648,0.1168625283397972,5.3591449689212776e-05,425.57142857142856,53.412710189819336
-6.247782801051272,106.86807777527888,0.0347989064880134,0.0001084930523363324,0.1168754668199827,8.018103168797405e-05,422.1428571428572,57.30879382697904
-6.247782801051272,106.87706092812007,0.0348069816787254,0.00010871619496448333,0.1168659668830788,6.639699708254953e-05,420.6666666666667,46.36197149625389
-6.247782801051272,106.88604408096128,0.0347939151815511,0.00010588287869549972,0.1167798380952282,6.901968232291343e-05,417.2,39.36718992753463
-6.247782801051272,106.89502723380248,0.0347777208385559,0.00010184296286814874,0.1167737859680595,6.888624717653875e-05,424.8571428571428,37.855013357626426
-6.247782801051272,106.90401038664366,0.0347660353677797,9.878287711225082e-05,0.1168688752526367,5.712646458496777e-05,424.0,43.14315044879913
-6.247782801051272,106.91299353948486,0.0347854142179681,9.445609676481807e-05,0.1168743504836535,7.012940763387866e-05,438.0,41.17469881816083
-6.247782801051272,106.92197669232606,0.0347767391511001,9.246188144259506e-05,0.1168647451027469,4.5930478176487016e-05,437.75,39.44197924931844
-6.247782801051272,106.93095984516724,0.0347667428284881,8.698093472612008e-05,0.1169884177804096,7.063465768572675e-05,441.1666666666667,40.60364479064941
-6.247782801051272,106.93994299800843,0.0347667428284881,8.698093472612008e-05,0.1169884177804096,7.063465768572675e-05,452.4285714285714,38.66159070548365
-6.238799648210077,106.75129678834334,0.0357860464422642,0.00013161857893132672,0.1168815432996793,7.1347378998255e-06,435.5,39.67362403869629
-6.238799648210077,106.76027994118454,0.0357697201758561,0.0001313388400578774,0.1168848317992699,-8.200534746448713e-06,436.0,36.85605792999267
-6.238799648210077,106.76926309402572,0.0357697201758561,0.0001313388400578774,0.1168848317992699,-8.200534746448713e-06,421.3333333333333,37.38591590470183
-6.238799648210077,106.77824624686691,0.0357909699145827,0.00013576429984201986,0.1168742957911657,1.153615907617915e-05,419.0,49.265009895699926
-6.238799648210077,106.78722939970812,0.0355102327039336,0.00013653460794396668,0.1168885394543615,1.4351908716815854e-05,411.0,51.27839610793374
-6.238799648210077,106.79621255254932,0.0354735352305065,0.0001313547514707962,0.116887601610946,2.451614282306369e-05,399.7,67.26383427211216
-6.238799648210077,106.80519570539052,0.0352389974609132,0.00013125844414784235,0.1167467072258371,7.577207897299818e-06,394.8,69.26868281644933
-6.238799648210077,106.81417885823171,0.0352893196034909,0.00013515199083775708,0.1167567710592966,5.636716617305684e-05,395.4285714285714,57.33668020629883
-6.238799648210077,106.82316201107292,0.0352715154592074,0.00013170958609767634,0.116749905248625,4.153140726184812e-05,412.0,72.74393554232013
-6.238799648210077,106.83214516391408,0.035042636085257,0.00012729965965284167,0.1167575835024546,5.37503641782653e-05,410.0,70.6559389092949
-6.238799648210077,106.84112831675527,0.0350373694170095,0.00012385402611801794,0.1168737830222899,5.259389697509322e-05,421.6,52.8704066756209
-6.238799648210077,106.85011146959648,0.035029155409988,0.0001168153103207468,0.1168838784682222,5.296786600475234e-05,422.0,54.4997797141204
-6.238799648210077,106.85909462243768,0.035029155409988,0.0001168153103207468,0.1168838784682222,5.296786600475234e-05,423.5,45.2696732878685
-6.238799648210077,106.86807777527888,0.0348148938498045,0.0001131736100030427,0.1168696352014798,6.872198755759222e-05,408.9,48.334439800631614
-6.238799648210077,106.87706092812007,0.0348135713160311,0.00010830585048875978,0.1168864272906205,5.551291716190434e-05,407.7142857142857,44.430926088426936
-6.238799648210077,106.88604408096128,0.0347877564040413,0.00010392998644788532,0.1168851405514235,6.838906011077036e-05,423.2,42.85637073516845
-6.238799648210077,106.89502723380248,0.0347717125150723,0.00010199797269522456,0.1168707112545247,6.937709952540712e-05,437.4,43.91408458975859
-6.238799648210077,106.90401038664366,0.03475351581631,9.765391223468189e-05,0.1168789115583957,6.68077942354624e-05,439.1666666666667,38.12236177921295
-6.238799648210077,106.91299353948486,0.0347771251053724,9.428736154819298e-05,0.1169363274758495,6.767484887026935e-05,439.8571428571428,36.83040325458233
-6.238799648210077,106.92197669232606,0.0347851578370211,9.237012021190452e-05,0.116868780335688,4.569067794445589e-05,456.25,37.08654243715348
-6.238799648210077,106.93095984516724,0.0347666699025651,8.86089728205559e-05,0.1169849969055386,5.317809761913613e-05,456.3333333333333,36.437486537667205
-6.238799648210077,106.93994299800843,0.0347666699025651,8.86089728205559e-05,0.1169849969055386,5.317809761913613e-05,455.0,35.34806995765835
-6.2298164953688815,106.74231363550214,0.0357867631957754,0.00013165837619167318,0.1168853103214219,8.386483170997643e-06,451.2,33.40691277076458
-6.2298164953688815,106.75129678834334,0.0358077467127285,0.0001317704256613924,0.1168723087564986,7.030029731908329e-06,445.3333333333333,35.314930391627435
-6.2298164953688815,106.76027994118454,0.0357775284598532,0.00014103828662189951,0.1168734399484596,7.083590421672956e-06,431.1666666666666,34.21013259887695
-6.2298164953688815,106.76926309402572,0.0357775284598532,0.00014103828662189951,0.1168734399484596,7.083590421672956e-06,443.0,35.90573082367579
-6.2298164953688815,106.77824624686691,0.0354940855164359,0.0001432502924559911,0.1168882301264582,4.158723108146368e-05,435.3333333333333,40.63866492429394
-6.2298164953688815,106.78722939970812,0.035778409787018,0.00014175390929846104,0.1168936273519273,3.985712455476621e-05,419.75,48.30432631752708
-6.2298164953688815,106.79621255254932,0.0355023015242703,0.00014674367586277171,0.1168856696038498,4.8311639151628107e-05,419.6,66.85540425092324
-6.2298164953688815,106.80519570539052,0.0355044050297802,0.0001390867298944066,0.116886396950181,4.50954485132351e-05,411.6666666666667,90.6417390254506
-6.2298164953688815,106.81417885823171,0.0355191133151761,0.00013704702979799546,0.1168866835672156,5.326778208267476e-05,414.5,87.36431572740511
-6.2298164953688815,106.82316201107292,0.0355069778759061,0.00013162110302404544,0.1168861632018602,5.507422346458539e-05,423.09090909090907,79.52523277745102
-6.2298164953688815,106.83214516391408,0.0352638920548361,0.00013174737095704363,0.1167523802434527,5.30010867506122e-05,439.22222222222223,68.77514555016343
-6.2298164953688815,106.84112831675527,0.0352683155955229,0.000127596650747007,0.116877552873943,3.915921834396212e-05,437.55555555555554,53.36919222379986
-6.2298164953688815,106.85011146959648,0.0352505129586671,0.00012038607241334962,0.1168769767649435,5.247885411038562e-05,436.1666666666667,51.69628598613124
-6.2298164953688815,106.85909462243768,0.0352505129586671,0.00012038607241334962,0.1168769767649435,5.247885411038562e-05,441.75,47.653371810913086
-6.2298164953688815,106.86807777527888,0.0350281362088839,0.00011621210715408982,0.1168745089950598,3.831199876592793e-05,422.625,51.60545599748547
-6.2298164953688815,106.87706092812007,0.0350734492764436,0.0001127331363328245,0.116870254001418,3.719974408714111e-05,422.2,53.6906498500279
-6.2298164953688815,106.88604408096128,0.0347672370766401,0.0001060972907059626,0.1168776001916574,5.600526764445212e-05,437.1111111111111,47.85856056213379
-6.2298164953688815,106.89502723380248,0.0347824559080973,0.00010209208265842118,0.116857734576098,5.473612718301142e-05,452.8333333333333,42.33677314309513
-6.2298164953688815,106.90401038664366,0.034785570977752,9.979609817085372e-05,0.116893314662248,6.973094887283538e-05,459.0,38.07610034942627
-6.2298164953688815,106.91299353948486,0.0347806765270337,9.290034530675322e-05,0.1170002125647918,7.05308185051742e-05,451.6666666666667,37.55247038912911
-6.2298164953688815,106.92197669232606,0.0347719461751712,9.026607541665212e-05,0.1168665762503219,7.025539594809949e-05,469.0,39.26665271412242
-6.2298164953688815,106.93095984516724,0.0347822686778343,8.687169918667308e-05,0.1168622079256184,7.075924540280546e-05,468.8888888888889,38.43871037165324
-6.2298164953688815,106.93994299800843,0.0347822686778343,8.687169918667308e-05,0.1168622079256184,7.075924540280546e-05,458.6,37.62579519098456
-6.220833342527687,106.72434732981976,0.035802491541395,0.00012820889216283847,0.1168849713608452,-6.2627527968153445e-06,465.3333333333333,33.8938253433978
-6.220833342527687,106.73333048266096,0.0357712253947068,0.00012830854987653267,0.1168958233257401,8.991851130837543e-06,476.75,36.82111301217028
-6.220833342527687,106.74231363550214,0.0357867631957754,0.00013165837619167318,0.1168853103214219,8.386483170997643e-06,443.55555555555554,36.70761695115463
-6.220833342527687,106.75129678834334,0.0358077467127285,0.0001317704256613924,0.1168723087564986,7.030029731908329e-06,443.0,39.164949270395134
-6.220833342527687,106.76027994118454,0.0357775284598532,0.00014103828662189951,0.1168734399484596,7.083590421672956e-06,434.6666666666667,39.31804074498708
-6.220833342527687,106.76926309402572,0.0357775284598532,0.00014103828662189951,0.1168734399484596,7.083590421672956e-06,426.5,42.11867235196348
-6.220833342527687,106.77824624686691,0.0354940855164359,0.0001432502924559911,0.1168882301264582,4.158723108146368e-05,440.5,45.802743997146834
-6.220833342527687,106.78722939970812,0.035778409787018,0.00014175390929846104,0.1168936273519273,3.985712455476621e-05,422.5,47.41553800651826
-6.220833342527687,106.79621255254932,0.0355023015242703,0.00014674367586277171,0.1168856696038498,4.8311639151628107e-05,434.6666666666667,86.49360094572368
-6.220833342527687,106.80519570539052,0.0355044050297802,0.0001390867298944066,0.116886396950181,4.50954485132351e-05,412.0,120.34684195447323
-6.220833342527687,106.81417885823171,0.0355191133151761,0.00013704702979799546,0.1168866835672156,5.326778208267476e-05,428.3333333333333,97.14757864815849
-6.220833342527687,106.82316201107292,0.0355069778759061,0.00013162110302404544,0.1168861632018602,5.507422346458539e-05,423.7,75.33054238778574
-6.220833342527687,106.83214516391408,0.0352638920548361,0.00013174737095704363,0.1167523802434527,5.30010867506122e-05,435.3333333333333,66.34497833251953
-6.220833342527687,106.84112831675527,0.0352683155955229,0.000127596650747007,0.116877552873943,3.915921834396212e-05,444.5,57.99991232689391
-6.220833342527687,106.85011146959648,0.0352505129586671,0.00012038607241334962,0.1168769767649435,5.247885411038562e-05,451.75,47.36007302148001
-6.220833342527687,106.85909462243768,0.0352505129586671,0.00012038607241334962,0.1168769767649435,5.247885411038562e-05,434.625,52.83670899362275
-6.220833342527687,106.86807777527888,0.0350281362088839,0.00011621210715408982,0.1168745089950598,3.831199876592793e-05,425.0,55.10279186351879
-6.220833342527687,106.87706092812007,0.0350734492764436,0.0001127331363328245,0.116870254001418,3.719974408714111e-05,422.3076923076923,65.0130911492682
-6.220833342527687,106.88604408096128,0.0347672370766401,0.0001060972907059626,0.1168776001916574,5.600526764445212e-05,419.5,53.26006880903666
-6.220833342527687,106.89502723380248,0.0347824559080973,0.00010209208265842118,0.116857734576098,5.473612718301142e-05,449.25,39.37560636346991
-6.220833342527687,106.90401038664366,0.034785570977752,9.979609817085372e-05,0.116893314662248,6.973094887283538e-05,443.25,38.391037693730105
-6.220833342527687,106.91299353948486,0.0347806765270337,9.290034530675322e-05,0.1170002125647918,7.05308185051742e-05,475.2,40.57920593964426
-6.220833342527687,106.92197669232606,0.0347719461751712,9.026607541665212e-05,0.1168665762503219,7.025539594809949e-05,473.0769230769231,42.089821650187176
-6.220833342527687,106.93095984516724,0.0347822686778343,8.687169918667308e-05,0.1168622079256184,7.075924540280546e-05,456.4,40.66998449254919
-6.220833342527687,106.93994299800843,0.0347822686778343,8.687169918667308e-05,0.1168622079256184,7.075924540280546e-05,446.5357142857143,43.089296685888414
-6.220833342527687,106.94892615084964,0.0347932977763009,8.155966867898088e-05,0.1170001888918595,6.825950141454526e-05,440.8888888888889,40.86333154950823
-6.211850189686492,106.72434732981976,0.0360350381959383,0.0001279426225206266,0.116883626515054,2.2596915997516524e-05,466.8333333333333,34.10798332490117
-6.211850189686492,106.73333048266096,0.035826090013397,0.00013183086908720147,0.1168953170046988,6.687082274624264e-06,459.25,38.90949806800256
-6.211850189686492,106.74231363550214,0.0359976575981182,0.00013177198239553163,0.1168843974871119,7.0440836311404885e-06,457.57142857142856,36.59143615491463
-6.211850189686492,106.75129678834334,0.0360095621146852,0.0001355887119025129,0.1168787656555176,6.975222439342075e-06,443.44444444444446,39.421054052928135
-6.211850189686492,106.76027994118454,0.0359940354657636,0.00014002200685309395,0.1168756501037873,-5.81083756884458e-07,435.625,40.75280822819962
-6.211850189686492,106.76926309402572,0.0359940354657636,0.00014002200685309395,0.1168756501037873,-5.81083756884458e-07,419.4285714285714,45.34298328919844
-6.211850189686492,106.77824624686691,0.0357483703225627,0.00014532757743145546,0.1168917802355248,2.6509188908418144e-05,434.4,46.05546745034151
-6.211850189686492,106.78722939970812,0.0357905851838073,0.00014280009584927345,0.1168837180998858,5.22441873428129e-05,437.6363636363636,46.606755491975065
-6.211850189686492,106.79621255254932,0.0357849254599543,0.00014730927401445523,0.116884269874459,5.415980514691127e-05,443.2857142857143,95.22001716272156
-6.211850189686492,106.80519570539052,0.0356521948421962,0.0001445372336350888,0.1168903884404254,7.813333400697263e-05,435.25,88.85827317162958
-6.211850189686492,106.81417885823171,0.0357799293073922,0.0001433451434106379,0.1168880203635975,8.232794623892157e-05,443.3333333333333,72.8116956438337
-6.211850189686492,106.82316201107292,0.0355043145939269,0.0001389605296703925,0.1168849255423239,7.017717526968234e-05,426.3333333333333,75.4837465162401
-6.211850189686492,106.83214516391408,0.0352931664695852,0.0001315729959891114,0.1168858701908338,6.906766994004241e-05,425.75,62.42595558166504
-6.211850189686492,106.84112831675527,0.0354985308346819,0.0001281085931033166,0.1168714022193368,5.4445738888665874e-05,424.625,48.85776901245117
-6.211850189686492,106.85011146959648,0.0351535060190118,0.00012047100951090482,0.1168793296299978,3.787385546927945e-05,435.5,46.85968060763377
-6.211850189686492,106.85909462243768,0.0351535060190118,0.00012047100951090482,0.1168793296299978,3.787385546927945e-05,427.1,50.84084701538086
-6.211850189686492,106.86807777527888,0.0350444149355492,0.00011626157504535452,0.1168757106735683,2.234101493350676e-05,437.6875,50.93113403320312
-6.211850189686492,106.87706092812007,0.0350471657685752,0.00011248726747383534,0.1168738509594185,2.514631757238992e-05,411.25,49.40455771274254
-6.211850189686492,106.88604408096128,0.0350634452195094,0.0001044909922012612,0.1168735499082938,2.3760177655766223e-05,428.0,48.2219596136184
-6.211850189686492,106.89502723380248,0.0350520596794642,0.00010194245058760056,0.1168734742821134,5.467714095715647e-05,427.0,44.10028981053552
-6.211850189686492,106.90401038664366,0.0347814768552293,9.825586167711916e-05,0.1170041124429932,5.452700892510158e-05,451.75,42.10854635567501
-6.211850189686492,106.91299353948486,0.0347851230162619,9.469125005992596e-05,0.1169413298284386,5.1698626502319165e-05,444.0,42.14529793722588
-6.211850189686492,106.92197669232606,0.0349020378976174,9.002181127398553e-05,0.1168829311582489,6.855619044435706e-05,443.0,39.28442255655924
-6.211850189686492,106.93095984516724,0.0347625607582604,8.474925925845716e-05,0.1168731137233041,7.141814824757669e-05,455.1428571428572,39.0382015161347
-6.211850189686492,106.93994299800843,0.0347625607582604,8.474925925845716e-05,0.1168731137233041,7.141814824757669e-05,442.4285714285714,41.461873731751375
-6.211850189686492,106.94892615084964,0.034505532690239,8.200056213700075e-05,0.1168644372542161,8.40655408117405e-05,447.0333333333333,44.18125759187292
-6.211850189686492,106.95790930369084,0.0345301719323096,7.52316946263556e-05,0.1169959461494811,6.935576113446881e-05,472.125,40.38789694649832
-6.202867036845296,106.72434732981976,0.0362224454552028,0.0001304706005611489,0.1168868206968077,2.438652141326648e-05,459.5,35.87571099599202
-6.202867036845296,106.73333048266096,0.0359950259743733,0.00013249514813123997,0.1168936035784259,2.4552451204043693e-05,443.125,39.376526590121
-6.202867036845296,106.74231363550214,0.0361181802421172,0.0001360131182178997,0.1168817165246563,2.3451610081166544e-05,434.3333333333333,42.35985501607259
-6.202867036845296,106.75129678834334,0.0359856861860398,0.0001349913874208071,0.1167648247801401,8.43227025294134e-06,443.0,44.415626525878906
-6.202867036845296,106.76027994118454,0.0359864755360938,0.00014312873491717867,0.1168738718786024,1.0718393228858548e-05,438.25,49.3131731484153
-6.202867036845296,106.76926309402572,0.0359864755360938,0.00014312873491717867,0.1168738718786024,1.0718393228858548e-05,435.8,46.575462341308594
-6.202867036845296,106.77824624686691,0.0359774319767006,0.0001467360364789808,0.1168766417199256,5.08199206745484e-05,463.8,45.62464925221035
-6.202867036845296,106.78722939970812,0.035786016150987,0.00014659127262188357,0.1168855823184002,6.91231435568619e-05,446.4,46.10471492027169
-6.202867036845296,106.79621255254932,0.0358050560834167,0.00014223286276858826,0.1168805664010165,5.327445332339905e-05,436.8,56.68321006682103
-6.202867036845296,106.80519570539052,0.0358081015263652,0.00014225916912175075,0.1168884596692229,7.550877122578015e-05,445.6666666666667,61.27140499093679
-6.202867036845296,106.81417885823171,0.035804263584166,0.00014298974551787733,0.1168831798715784,8.228098535424436e-05,440.7142857142857,62.69425749778748
-6.202867036845296,106.82316201107292,0.0356492922169324,0.00014297064426435074,0.1168816053636225,6.855568726671822e-05,435.75,84.3143269220988
-6.202867036845296,106.83214516391408,0.0354818620437288,0.00013170989161913492,0.1168807023938992,6.881386264293912e-05,424.75,62.85837932548137
-6.202867036845296,106.84112831675527,0.0355151976999086,0.00012415337216763555,0.1168701007809279,3.780965662823296e-05,424.4,54.06986935933431
-6.202867036845296,106.85011146959648,0.0352587793022151,0.00012053649545458536,0.1169989138609036,3.381503605242661e-05,425.2857142857143,56.184415783798485
-6.202867036845296,106.85909462243768,0.0352587793022151,0.00012053649545458536,0.1169989138609036,3.381503605242661e-05,439.6666666666667,46.61627059287213
-6.202867036845296,106.86807777527888,0.0352730237949419,0.0001205555619694724,0.1169931076239781,3.356534304366157e-05,421.2,46.05558908902682
-6.202867036845296,106.87706092812007,0.0351718171436231,0.0001124049502944642,0.1169921710479898,5.413501078456435e-05,437.9285714285714,45.131983687238
-6.202867036845296,106.88604408096128,0.0350391951012844,0.00010911069599394168,0.1170001239017535,5.452251101979151e-05,427.4,45.6510375238234
-6.202867036845296,106.89502723380248,0.0350650801312383,0.0001034623794038842,0.1169905082869137,5.3681263249062567e-05,444.25,42.87206886910104
-6.202867036845296,106.90401038664366,0.0345335013866064,9.829614894168652e-05,0.1170030003345813,5.347021802039408e-05,453.0,39.43521520253774
-6.202867036845296,106.91299353948486,0.0347712481480501,9.459529572114414e-05,0.1170174157693335,6.845635944329193e-05,451.0,37.13344060158243
-6.202867036845296,106.92197669232606,0.034774847283234,9.024572351744906e-05,0.1170169340544817,5.2319431914916e-05,438.5,36.4294673204422
-6.202867036845296,106.93095984516724,0.0347819362200711,8.500868959029278e-05,0.117012938515426,6.965137636449382e-05,457.0,38.69094193436717
-6.202867036845296,106.93994299800843,0.0347819362200711,8.500868959029278e-05,0.117012938515426,6.965137636449382e-05,460.8,39.22340660710488
-6.202867036845296,106.94892615084964,0.0345406732801836,7.816121192660102e-05,0.1170255135684032,7.073775855648776e-05,451.0,43.73113460540772
-6.202867036845296,106.95790930369084,0.0343327765236921,7.421249418990109e-05,0.1170025789433024,6.646799896355475e-05,453.0,40.38744758157169
-6.193883884004101,106.72434732981976,0.0367895532950772,0.00012860462575098875,0.1169886426824383,2.346130375586558e-05,467.75,43.13582108512757
-6.193883884004101,106.73333048266096,0.0363324714174525,0.00013064856097183352,0.1168879639399688,2.267732198599713e-05,460.0,48.39642298221588
-6.193883884004101,106.74231363550214,0.0362489557131794,0.00013471647464410484,0.1168836974738903,7.30452591042689e-06,450.6,49.18518659046718
-6.193883884004101,106.75129678834334,0.0361473627347673,0.0001345980254488066,0.1168693716700641,2.362958310743206e-05,444.0,52.79114393754439
-6.193883884004101,106.76027994118454,0.0362605988024091,0.0001421293756129118,0.1168758742216796,2.766819359050692e-05,451.75,66.45386409759521
-6.193883884004101,106.76926309402572,0.0362605988024091,0.0001421293756129118,0.1168758742216796,2.766819359050692e-05,451.0,50.33957907104492
-6.193883884004101,106.77824624686691,0.0360013816604204,0.00014701329558995216,0.1168871872582252,5.175427475708956e-05,444.0,43.893474817276
-6.193883884004101,106.78722939970812,0.0357795347873725,0.0001438335946630987,0.1168798111848546,6.929159756631009e-05,446.0,44.11456625340349
-6.193883884004101,106.79621255254932,0.0357886950774272,0.000140414754693646,0.1168872894121545,7.018923771594209e-05,443.4,54.80627460640018
-6.193883884004101,106.80519570539052,0.0357841378948649,0.00014384874053399328,0.1168822036452559,6.928045964911448e-05,435.8571428571428,51.63454620361328
-6.193883884004101,106.81417885823171,0.035759005658878,0.0001420899157697939,0.1168730700376673,5.421533308871963e-05,431.9285714285714,57.67874161889948
-6.193883884004101,106.82316201107292,0.0357627123891265,0.0001365203992777601,0.1170074390228231,5.282295211445471e-05,423.6363636363636,84.24865833763937
-6.193883884004101,106.83214516391408,0.0355083280856943,0.00013114772428422246,0.117020147015884,6.937031139160855e-05,432.9375,64.1143447521121
-6.193883884004101,106.84112831675527,0.0354947315927529,0.00012740238346615397,0.1168677179399298,5.1767698233168746e-05,439.125,60.34175313469822
-6.193883884004101,106.85011146959648,0.0355190200439446,0.00012452444584125027,0.117007147487698,5.276233533546587e-05,442.4,58.28909314368382
-6.193883884004101,106.85909462243768,0.0355190200439446,0.00012452444584125027,0.117007147487698,5.276233533546587e-05,442.0,49.75666916676057
-6.193883884004101,106.86807777527888,0.0354979103631215,0.00012043471109211503,0.1169972678507294,3.933799001914564e-05,442.25,51.80128628112594
-6.193883884004101,106.87706092812007,0.0352255590259535,0.00011209104024869176,0.1169982821622265,5.5051041526528105e-05,433.3333333333333,52.27795855970268
-6.193883884004101,106.88604408096128,0.0350433654053992,0.00010443849332680884,0.1170008461661592,5.289633677208122e-05,446.6,56.20735700013208
-6.193883884004101,106.89502723380248,0.0350421418570264,0.00010363719673838116,0.1169953696404779,3.994077954781326e-05,443.3333333333333,49.39930295944214
-6.193883884004101,106.90401038664366,0.0350573007016883,9.610348826034962e-05,0.1170031601756932,5.323007545494438e-05,459.75,44.196698155896414
-6.193883884004101,106.91299353948486,0.0350644068795963,9.421104322212532e-05,0.1170158716541133,5.395507216433958e-05,450.25,39.84441025192673
-6.193883884004101,106.92197669232606,0.0347896803390802,8.685487131836882e-05,0.1170083184229363,5.2809864156138576e-05,444.0,38.36557473076714
-6.193883884004101,106.93095984516724,0.0345446772162963,8.174520377677327e-05,0.1170071406741869,5.126191333017922e-05,473.5,37.39623631068638
-6.193883884004101,106.93994299800843,0.0345446772162963,8.174520377677327e-05,0.1170071406741869,5.126191333017922e-05,453.09090909090907,37.936590531293085
-6.193883884004101,106.94892615084964,0.0345329045585306,7.822328716624933e-05,0.1170158139724872,7.10627547644736e-05,459.4,39.6450008392334
-6.193883884004101,106.95790930369084,0.0342764246043676,7.41613837804451e-05,0.1170074133801609,6.861014108978144e-05,457.875,41.09414953934519
-6.193883884004101,106.96689245653202,0.0343150744408683,7.43068541037538e-05,0.1170111078119884,6.961165930681027e-05,434.0,49.59196066856384
-6.184900731162906,106.71536417697855,0.036982015458826,0.00012409146866154222,0.1169901698828359,7.192119275542645e-06,455.625,46.87109018544682
-6.184900731162906,106.72434732981976,0.0369897547536631,0.00012475835134864046,0.116996220093379,2.280545396033318e-05,457.9,42.88865503275169
-6.184900731162906,106.73333048266096,0.0367959405100183,0.00012702340600020075,0.1169522745726256,1.5545909347659914e-05,461.25,56.27375098255193
-6.184900731162906,106.74231363550214,0.0364834140880804,0.0001283389134484201,0.1168836537278905,2.332268672942937e-05,456.55555555555554,49.56997222900391
-6.184900731162906,106.75129678834334,0.0363591114833404,0.00013177375860442826,0.1168774154793887,8.502887026003124e-06,473.6666666666667,49.66467552185058
-6.184900731162906,106.76027994118454,0.036482666051964,0.00013657237229918232,0.1168875084290499,2.295599831841884e-05,475.6666666666667,54.81365903218588
-6.184900731162906,106.76926309402572,0.036482666051964,0.00013657237229918232,0.1168875084290499,2.295599831841884e-05,460.6,52.03179281266009
-6.184900731162906,106.77824624686691,0.0362476589255948,0.00014203419507043634,0.1168780961569192,6.797715843036849e-05,458.6666666666667,51.85929547227579
-6.184900731162906,106.78722939970812,0.0360407846210012,0.00014239187779206927,0.1168788692476804,6.585718485331136e-05,451.3333333333333,52.31061405088843
-6.184900731162906,106.79621255254932,0.0357658860764596,0.000140367504275897,0.1168839288203461,6.641887064248638e-05,448.35,66.72492586911379
-6.184900731162906,106.80519570539052,0.0358005918514704,0.00014212749779894264,0.116883941821245,7.064078312546553e-05,440.6666666666667,54.0795973400737
-6.184900731162906,106.81417885823171,0.0357824721403982,0.0001408319231276641,0.1168874670904771,5.47042683115556e-05,435.6666666666667,61.2688840230306
-6.184900731162906,106.82316201107292,0.0355318859764028,0.00013507663903860215,0.1170137207309331,5.129649472369964e-05,437.0,82.68206290311592
-6.184900731162906,106.83214516391408,0.0355457178933069,0.0001330006507453383,0.1170127013020506,7.690728429043036e-05,441.625,96.84025573730467
-6.184900731162906,106.84112831675527,0.0355215871348402,0.00012732662725593557,0.1170086626972531,5.519612255419198e-05,455.22222222222223,71.07711360329075
-6.184900731162906,106.85011146959648,0.0355061921486926,0.00012392075757532094,0.1170104092143164,5.411062306669605e-05,470.4,50.85426522321242
-6.184900731162906,106.85909462243768,0.0355061921486926,0.00012392075757532094,0.1170104092143164,5.411062306669605e-05,455.6666666666667,50.26967758178711
-6.184900731162906,106.86807777527888,0.0355040871338714,0.00012025034768663432,0.1170027073533718,7.063054120696854e-05,456.5833333333333,51.71235554034893
-6.184900731162906,106.87706092812007,0.03548561377868,0.00011245507492770126,0.1169995219280436,5.613687934072016e-05,435.875,48.4081667582194
-6.184900731162906,106.88604408096128,0.035055281903156,0.00010892062102226556,0.1169917500257743,5.496879863105608e-05,440.6923076923077,45.80992693778797
-6.184900731162906,106.89502723380248,0.0350510130047893,0.00010162580516153368,0.1169947607364352,3.851703292971298e-05,453.25,45.33131565767176
-6.184900731162906,106.90401038664366,0.035055188502487,9.6287125185289e-05,0.1170045186245792,4.071470267062215e-05,458.0,46.21251955899325
-6.184900731162906,106.91299353948486,0.0350490494628949,9.033345957420812e-05,0.1170094545477073,5.559106977638984e-05,456.0,45.20214431350296
-6.184900731162906,106.92197669232606,0.0349037760996104,8.685923363743575e-05,0.1170078056858704,5.521896207284313e-05,470.0,46.34059234460195
-6.184900731162906,106.93095984516724,0.034592999413479,7.824826781047532e-05,0.1170131410807134,5.398451474802872e-05,459.5,42.657774473491465
-6.184900731162906,106.93994299800843,0.034592999413479,7.824826781047532e-05,0.1170131410807134,5.398451474802872e-05,461.6666666666667,43.81059109723127
-6.184900731162906,106.94892615084964,0.0345329364771718,7.823698239929753e-05,0.1170161803310074,5.108006376683008e-05,457.8,42.49864137740362
-6.184900731162906,106.95790930369084,0.0345451022462597,7.45749841389228e-05,0.116998215614947,5.376221961012392e-05,452.1666666666667,42.02799071322431
-6.184900731162906,106.96689245653202,0.0343060920782697,7.050745368950946e-05,0.1170044237554886,5.539097249042404e-05,437.75,46.14369485037668
-6.175917578321711,106.69739787129618,0.0371964527293816,0.00011337152147896908,0.1171226950900171,4.758519104130393e-06,452.0,38.68774473667145
-6.175917578321711,106.70638102413736,0.0372117732192526,0.0001172230417845777,0.1171080093092712,2.299811268586887e-05,460.0,45.3700585047404
-6.175917578321711,106.71536417697855,0.0370201896290869,0.00011921144822188216,0.1171105922356062,2.3088032573493365e-05,458.2857142857143,46.77985188218414
-6.175917578321711,106.72434732981976,0.0370729445543899,0.00012057783382828106,0.1169982049712343,3.6314816845979744e-05,469.6666666666667,40.83953927692614
-6.175917578321711,106.73333048266096,0.0369880292945026,0.0001259723691607351,0.1170115874038042,2.3498247449680976e-05,455.09090909090907,45.16810635157994
-6.175917578321711,106.74231363550214,0.0368123519012399,0.00012718902816458424,0.1170036587296184,2.4364003639775018e-05,473.3,46.65910110473633
-6.175917578321711,106.75129678834334,0.0368139548123454,0.0001288169039134658,0.1168775458537943,2.052559291512269e-05,487.3,46.85103862690476
-6.175917578321711,106.76027994118454,0.036764282214823,0.000132582023458743,0.1168939559060819,2.5081658709603108e-05,474.0,48.26236198688376
-6.175917578321711,106.76926309402572,0.036764282214823,0.000132582023458743,0.1168939559060819,2.5081658709603108e-05,482.7142857142857,49.165405909220375
-6.175917578321711,106.77824624686691,0.0364687528560913,0.00013639838116054638,0.1168847663778763,3.5097585330734504e-05,459.3333333333333,50.89917406439781
-6.175917578321711,106.78722939970812,0.0362437847575282,0.0001362604322515424,0.1168810221976192,6.769823606557775e-05,451.1666666666667,62.7926796653054
-6.175917578321711,106.79621255254932,0.036022967648294,0.00013548050269822842,0.116894772989131,6.556712237713038e-05,441.5,62.06549433657997
-6.175917578321711,106.80519570539052,0.0360317637870514,0.000136401597873326,0.1169968319312975,6.806669881160645e-05,456.5,53.41067123413086
-6.175917578321711,106.81417885823171,0.0357701784153349,0.000136301944635843,0.1169986220103514,5.602587445920016e-05,454.9166666666667,65.3788883784046
-6.175917578321711,106.82316201107292,0.035769772456276,0.00013179346335567767,0.1170119125471854,5.3607105262787e-05,453.2857142857143,105.55767313639323
-6.175917578321711,106.83214516391408,0.0355153804339428,0.0001329731136344684,0.1170159229719645,6.910062457444235e-05,457.0,110.12579567752668
-6.175917578321711,106.84112831675527,0.0355257577614322,0.0001274187737015469,0.1170056022280461,6.961346860478579e-05,468.75,79.3754771892841
-6.175917578321711,106.85011146959648,0.0355108091394185,0.00012423970241077936,0.1170129874197763,6.852155700374195e-05,469.0,52.65690517425537
-6.175917578321711,106.85909462243768,0.0355108091394185,0.00012423970241077936,0.1170129874197763,6.852155700374195e-05,467.5,51.87832101186117
-6.175917578321711,106.86807777527888,0.0355022685889915,0.00012055370431786938,0.1170017638677758,7.093453392590652e-05,454.6,48.83841827392578
-6.175917578321711,106.87706092812007,0.0355115926763261,0.00011249863781802183,0.1169990483792395,6.786966376433131e-05,440.125,47.53089993044456
-6.175917578321711,106.88604408096128,0.0353336924568351,0.00010453406693880178,0.1169945195427471,5.535196921659064e-05,454.6363636363636,45.67490905761719
-6.175917578321711,106.89502723380248,0.0350403998842144,0.00010197125623970486,0.1170015631594946,4.72568331370437e-05,457.22222222222223,48.14535170335036
-6.175917578321711,106.90401038664366,0.0350457212555505,9.61951233273418e-05,0.1170034884331685,4.115761602245269e-05,439.75,45.39794392055936
-6.175917578321711,106.91299353948486,0.0348166069071469,9.052313431249786e-05,0.117006265310359,3.945575176397411e-05,437.125,49.0838790104307
-6.175917578321711,106.92197669232606,0.0347616949214324,8.68617420260732e-05,0.1169974989110802,4.088985161053469e-05,442.4285714285714,50.132970333099365
-6.175917578321711,106.93095984516724,0.0345720784642054,7.819564035519483e-05,0.1170173676584113,5.274391583641274e-05,451.5,42.724570751190186
-6.175917578321711,106.93994299800843,0.0345720784642054,7.819564035519483e-05,0.1170173676584113,5.274391583641274e-05,460.1111111111111,45.64097244262695
-6.175917578321711,106.94892615084964,0.0345723331952647,7.42434342860444e-05,0.1170074544214039,7.110512615229651e-05,455.4285714285714,44.10313873291015
-6.175917578321711,106.95790930369084,0.0346149165710131,7.404031502858105e-05,0.1169972030773731,7.077138679571785e-05,442.25,47.38273100419478
-6.175917578321711,106.96689245653202,0.034294550816448,7.050066689155024e-05,0.1169903192988408,5.229356965784059e-05,443.3333333333333,45.43628841897716
-6.166934425480515,106.69739787129618,0.0372305669395577,0.00010964680697689194,0.1171226098639601,2.0577763671239957e-05,452.1666666666667,36.42650402293486
-6.166934425480515,106.70638102413736,0.0371964527294345,0.00011226855031110122,0.1171045092905706,2.196578843152596e-05,454.75,38.86572046389525
-6.166934425480515,106.71536417697855,0.0369924103189914,0.00011331962783157444,0.1171240059923401,2.3189932243298373e-05,456.1,40.61367925008138
-6.166934425480515,106.72434732981976,0.037027919035272,0.00011746992470867568,0.1171124055683463,3.716248906253939e-05,454.3333333333333,40.55140209197998
-6.166934425480515,106.73333048266096,0.0367766660044814,0.0001230373091484124,0.1170135513702638,3.6613608398969696e-05,472.07142857142856,46.614491537715615
-6.166934425480515,106.74231363550214,0.0367731083976141,0.00012458468330870566,0.1170028231847195,2.2326119002241955e-05,474.1111111111111,44.6604544321696
-6.166934425480515,106.75129678834334,0.0367661731340301,0.0001288212469066459,0.1170117377164308,2.2228121683217902e-05,443.6666666666667,50.88514229655266
-6.166934425480515,106.76027994118454,0.036786533477899,0.00013270266893457118,0.1168961251735566,3.5554864992784084e-05,428.5,58.680919910299366
-6.166934425480515,106.76926309402572,0.036786533477899,0.00013270266893457118,0.1168961251735566,3.5554864992784084e-05,436.4,56.2963764326913
-6.166934425480515,106.77824624686691,0.0367689135831079,0.0001345525746635799,0.1168814800547762,5.2096109893670455e-05,439.6,56.6005859375
-6.166934425480515,106.78722939970812,0.0362732040185899,0.00013281800735079227,0.1169974096337362,5.66150166076916e-05,475.6666666666667,66.19011719058258
-6.166934425480515,106.79621255254932,0.0359830060658294,0.00013464224951351947,0.1168822801035107,3.697791246597893e-05,485.3333333333333,56.4249031313004
-6.166934425480515,106.80519570539052,0.0362587873762175,0.00013488478001868657,0.117001191966956,3.47668262157798e-05,483.0,54.3058066368103
-6.166934425480515,106.81417885823171,0.0360089340027598,0.0001306560064666058,0.1169985002564903,3.5466186971570614e-05,488.22222222222223,61.74510643519268
-6.166934425480515,106.82316201107292,0.0359719040087272,0.0001265556948286265,0.1169963672600398,3.845478296920452e-05,470.3333333333333,92.21615630701967
-6.166934425480515,106.83214516391408,0.035766990157715,0.00012680303761733973,0.1170112682716405,3.482708969028881e-05,464.3461538461538,109.33732960322132
-6.166934425480515,106.84112831675527,0.0355119028588023,0.00012477520804958663,0.1169963684628303,3.708981107751001e-05,442.0,81.54799435056489
-6.166934425480515,106.85011146959648,0.0354746899449031,0.000125172292473824,0.1169931882160614,5.579783587357539e-05,455.375,51.40023958360827
-6.166934425480515,106.85909462243768,0.0354746899449031,0.000125172292473824,0.1169931882160614,5.579783587357539e-05,451.57142857142856,54.46772104543406
-6.166934425480515,106.86807777527888,0.0355098078858741,0.00012109217980870764,0.1170157203003534,7.008747054175395e-05,454.4285714285714,56.651737332344055
-6.166934425480515,106.87706092812007,0.0355062500120478,0.00011257296416319074,0.1170149335124218,6.93133273176577e-05,439.0,54.22294525407318
-6.166934425480515,106.88604408096128,0.0350194773369847,0.00010373528121269564,0.1170135747387897,3.853608701323827e-05,441.6666666666667,45.5870730082194
-6.166934425480515,106.89502723380248,0.0350204170267685,9.791951378045326e-05,0.1170096346687467,3.968340040375437e-05,457.0,46.55218874174973
-6.166934425480515,106.90401038664366,0.0350038591504337,9.058299938227306e-05,0.1170086694481815,3.1615054296033965e-05,468.875,48.17504477500916
-6.166934425480515,106.91299353948486,0.0347972000278397,8.697152738804211e-05,0.117004142651951,4.077114219855519e-05,447.875,52.69346700740766
-6.166934425480515,106.92197669232606,0.0347740033563865,8.120954277068263e-05,0.1170063802345783,2.3873090005247304e-05,444.6666666666667,54.33400192759395
-6.166934425480515,106.93095984516724,0.0345481632749536,7.91847754132526e-05,0.1170126072404956,4.013626326658817e-05,451.55555555555554,47.15036010742188
-6.166934425480515,106.93994299800843,0.0345481632749536,7.91847754132526e-05,0.1170126072404956,4.013626326658817e-05,453.7272727272728,44.85783004760742
-6.166934425480515,106.94892615084964,0.0343183508070346,7.45117490776419e-05,0.1169937763452022,3.7069550096714335e-05,436.1111111111111,49.59080229307476
-6.166934425480515,106.95790930369084,0.0343098091742116,7.078360329755379e-05,0.1169962891524502,5.469777259973396e-05,442.2,50.693571938408745
-6.166934425480515,106.96689245653202,0.0343109724676853,6.773968429891336e-05,0.1169889797244334,5.3647379485373535e-05,435.2,41.12678527832031
-6.15795127263932,106.68841471845498,0.0373516184756877,0.00010018025811110152,0.1170101568898423,5.362936957779432e-05,475.0,37.67297224785872
-6.15795127263932,106.69739787129618,0.0372297774846706,0.0001018043203749138,0.1170631364376626,3.806166522681879e-05,490.1666666666667,45.396660003662106
-6.15795127263932,106.70638102413736,0.0372397786208512,0.0001048111183648434,0.1171185603502846,2.281848586395941e-05,464.7625,50.9190358320872
-6.15795127263932,106.71536417697855,0.0371812493296155,0.00010965754590879226,0.1171119679731776,2.2009131882998675e-05,473.0,49.21836042404175
-6.15795127263932,106.72434732981976,0.0369865191455734,0.00011146963634206708,0.1171235919596567,3.7124541341827856e-05,466.25,45.89687549706662
-6.15795127263932,106.73333048266096,0.0367916449920685,0.00011584408396784762,0.1171274055344112,3.7456904944261245e-05,435.3333333333333,50.84743748540463
-6.15795127263932,106.74231363550214,0.0367985578760336,0.00012078249083823934,0.1170154717302996,2.1937126405619316e-05,427.8333333333333,37.94011892591204
-6.15795127263932,106.75129678834334,0.0367951967884448,0.00012480414709181096,0.1170021297014436,3.747492457031948e-05,415.9333333333333,38.13799640588593
-6.15795127263932,106.76027994118454,0.0367775247299534,0.00012894020181822071,0.1169978503304338,3.661986226962873e-05,420.6666666666667,40.93719593799897
-6.15795127263932,106.76926309402572,0.0367775247299534,0.00012894020181822071,0.1169978503304338,3.661986226962873e-05,409.0,45.64508370241504
-6.15795127263932,106.77824624686691,0.0364983031460918,0.0001306887548983399,0.1170132374188177,3.7919896118357775e-05,443.1428571428572,50.14132926247337
-6.15795127263932,106.78722939970812,0.0363628009562064,0.0001305747006549875,0.1169984807850947,3.393162154425662e-05,448.0,49.66274546991828
-6.15795127263932,106.79621255254932,0.036250534610628,0.00013065089384944892,0.1168873383902087,2.190939362583172e-05,484.2,45.22013328188942
-6.15795127263932,106.80519570539052,0.0362293521005801,0.00012878627237210475,0.1170016368304648,2.3973209925977225e-05,483.6666666666667,41.85500246683757
-6.15795127263932,106.81417885823171,0.0359865997427126,0.00012257281766866598,0.1170035677310407,2.2842869092225628e-05,475.0,50.88293181238948
-6.15795127263932,106.82316201107292,0.0357495452152037,0.00012171571059308112,0.117004446537616,3.853472431437936e-05,491.8,54.83552730015346
-6.15795127263932,106.83214516391408,0.035775308450182,0.00012311244551358,0.1169964768099107,3.852906794259524e-05,484.0,49.12674840291341
-6.15795127263932,106.84112831675527,0.0357641495978999,0.00012109717396907936,0.116994819143134,3.860387347026881e-05,473.8,52.420425117789925
-6.15795127263932,106.85011146959648,0.0357509223103075,0.0001232158688718889,0.1170029208974484,5.661308669625864e-05,459.0,56.069369316101074
-6.15795127263932,106.85909462243768,0.0357509223103075,0.0001232158688718889,0.1170029208974484,5.661308669625864e-05,444.4,47.10441193490658
-6.15795127263932,106.86807777527888,0.0356016680452334,0.00011758985737221272,0.1170133949194854,5.719480872330943e-05,462.2142857142857,46.80914436067854
-6.15795127263932,106.87706092812007,0.035766862610065,0.00011145808248770536,0.117013597251177,5.269234520673573e-05,455.1428571428572,48.45155127573822
-6.15795127263932,106.88604408096128,0.03531363730635,0.00010595361505512609,0.1170763895831484,6.1033315984254594e-05,439.75,54.25193763265804
-6.15795127263932,106.89502723380248,0.0352832396392379,9.648145786926624e-05,0.1170743321240962,2.124569770815508e-05,436.1428571428572,58.88885851773349
-6.15795127263932,106.90401038664366,0.0349898718904442,9.04689897555902e-05,0.1170090782785405,3.934311873860918e-05,441.5,58.2454676693433
-6.15795127263932,106.91299353948486,0.0349897524076415,8.487983449197956e-05,0.1170021946415671,3.960135258654963e-05,444.77777777777777,56.20516624450684
-6.15795127263932,106.92197669232606,0.0347927631607313,7.923849041057821e-05,0.117006614624959,3.8575118007234405e-05,452.4,47.07785586093335
-6.15795127263932,106.93095984516724,0.0345274922621595,7.53897357662446e-05,0.1170114416751196,4.534197260492992e-05,435.57142857142856,50.13525662055383
-6.15795127263932,106.93994299800843,0.0345274922621595,7.53897357662446e-05,0.1170114416751196,4.534197260492992e-05,427.2,55.84922250111898
-6.15795127263932,106.94892615084964,0.0345629879334126,7.142528520778895e-05,0.1170041137138857,4.0525636910839765e-05,419.6,37.10814996199174
-6.15795127263932,106.95790930369084,0.0342989902851526,6.787298565865732e-05,0.1170012350018924,5.231739502382027e-05,411.57142857142856,37.83449569551071
-6.15795127263932,106.96689245653202,0.0340159088809853,6.586835427017919e-05,0.1169983151739981,3.801309126008554e-05,410.3,32.69127354579689
-6.148968119798125,106.68841471845498,0.0369460186765796,9.443272918674722e-05,0.1170034536350883,3.518722452113174e-05,470.5,38.83623113632202
-6.148968119798125,106.69739787129618,0.0372437043488872,9.646031522228149e-05,0.117013895886874,3.045086955182545e-05,487.0,44.577900950113936
-6.148968119798125,106.70638102413736,0.0372087530647317,0.0001004088188307686,0.1171169530059413,2.2824425437037084e-05,487.44444444444446,47.37142493508079
-6.148968119798125,106.71536417697855,0.037204998515687,0.00010201115306784416,0.1171141158888164,2.2959640358063736e-05,486.3333333333333,41.33597386267878
-6.148968119798125,106.72434732981976,0.0370287164723167,0.00010388345773875876,0.1171162350914321,3.604068415891327e-05,471.55555555555554,42.32595135872824
-6.148968119798125,106.73333048266096,0.037012062520205,0.00010796210595936512,0.1171380885651374,3.683505973844247e-05,451.3333333333333,48.12169541252984
-6.148968119798125,106.74231363550214,0.0369937682354038,0.00011334397655370044,0.1171313665514588,2.3185169114628557e-05,455.8,41.9341870035444
-6.148968119798125,106.75129678834334,0.0369805235989481,0.0001170620364947806,0.1170060200959139,3.676001865504674e-05,437.25,35.13989480825571
-6.148968119798125,106.76027994118454,0.036764997112905,0.00012106799919061862,0.1169988716999343,3.576279436582363e-05,424.8,32.100812465586564
-6.148968119798125,106.76926309402572,0.036764997112905,0.00012106799919061862,0.1169988716999343,3.576279436582363e-05,426.6,37.20090840657552
-6.148968119798125,106.77824624686691,0.0367346741451851,0.00012314493825515857,0.1169906974705356,3.6316132512066366e-05,419.5,49.974674487936085
-6.148968119798125,106.78722939970812,0.0366039872951956,0.0001249256820181289,0.1170081311573409,3.702265757809706e-05,440.0,50.38519537253458
-6.148968119798125,106.79621255254932,0.0364521787971232,0.00012265135762100149,0.1169983385305408,2.185011872509199e-05,469.8888888888889,46.41956843325966
-6.148968119798125,106.80519570539052,0.0362919565612529,0.00012117264522138088,0.1169999726801091,2.285031610393041e-05,482.7142857142857,43.85521571947181
-6.148968119798125,106.81417885823171,0.0362859587745683,0.00012107178589186354,0.117013001064371,9.658713144316198e-06,467.6,53.16338718959263
-6.148968119798125,106.82316201107292,0.0357578357916237,0.000119192180874822,0.1170169808429659,2.298788522591859e-05,476.5,52.83589426676432
-6.148968119798125,106.83214516391408,0.0358589172132191,0.00011921495049494556,0.1169932691789785,3.830883256428787e-05,457.0,48.821486821988735
-6.148968119798125,106.84112831675527,0.0357596838740535,0.00011906506831533397,0.1169971904542536,3.814044181306444e-05,470.8888888888889,53.93063929855947
-6.148968119798125,106.85011146959648,0.03575484792984,0.0001171662473904778,0.1170106815890935,5.503472325393377e-05,452.3333333333333,52.96305351257324
-6.148968119798125,106.85909462243768,0.03575484792984,0.0001171662473904778,0.1170106815890935,5.503472325393377e-05,418.0,49.557643243822
-6.148968119798125,106.86807777527888,0.0355143102919089,0.00011325137120147002,0.1170065981309955,5.620222377443595e-05,444.0,47.404747501496345
-6.148968119798125,106.87706092812007,0.0355214825703614,0.00010883060791420267,0.1170040360698061,5.555155002128669e-05,462.33333333333337,50.3423932393392
-6.148968119798125,106.88604408096128,0.0352944446961767,0.00010409175712583958,0.1170044481281934,5.6157924322152426e-05,451.8,58.21486913240873
-6.148968119798125,106.89502723380248,0.0355108784490664,9.450632043688916e-05,0.1170078839886975,3.730673538872112e-05,434.3,55.83104657369947
-6.148968119798125,106.90401038664366,0.0349988411282688,8.861903916100674e-05,0.1170082262963878,3.9495725247108585e-05,443.8571428571428,51.18331779317653
-6.148968119798125,106.91299353948486,0.0350119515209596,8.471185467595113e-05,0.1170117838466341,5.170326456693677e-05,435.4,48.61235523223877
-6.148968119798125,106.92197669232606,0.0345140036577737,7.935120847220129e-05,0.1170106180265239,5.2847224377522575e-05,459.1666666666667,45.54555222926996
-6.148968119798125,106.93095984516724,0.0345464906927881,7.325756426554197e-05,0.117006583850481,5.261382494301333e-05,442.4285714285714,46.31010811729769
-6.148968119798125,106.93994299800843,0.0345464906927881,7.325756426554197e-05,0.117006583850481,5.261382494301333e-05,418.57142857142856,55.347822189331055
-6.148968119798125,106.94892615084964,0.0345556086714639,6.977088044305008e-05,0.1170071715736656,5.217259386887773e-05,411.9090909090909,31.05944309736553
-6.148968119798125,106.95790930369084,0.034529165892904,6.788836579735634e-05,0.1170045004237065,4.5384545317933046e-05,418.3333333333333,29.599377745288912
-6.148968119798125,106.96689245653202,0.0343261300499426,6.391196798725816e-05,0.1170169887649318,4.6194223725228256e-05,403.6666666666667,23.141888209751677
-6.13998496695693,106.69739787129618,0.0369736460952045,9.162734223963836e-05,0.1170725673496123,2.0768741626548264e-05,475.125,44.938304658920046
-6.13998496695693,106.70638102413736,0.0372446052351144,9.429206700936824e-05,0.1171061222298387,8.99723377356605e-06,488.77777777777777,45.39453539167132
-6.13998496695693,106.71536417697855,0.0372638625688422,9.437093239499992e-05,0.1171282313439228,2.208932148460287e-05,475.8571428571428,46.67332649230957
-6.13998496695693,106.72434732981976,0.0370919456186824,9.8315999956325e-05,0.1171275657245865,2.2611193162909768e-05,491.2857142857143,49.38860829671224
-6.13998496695693,106.73333048266096,0.037211215537431,0.00010207626581498534,0.1171208978621019,3.696642851220445e-05,458.6666666666667,60.17792003074389
-6.13998496695693,106.74231363550214,0.037006638176612,0.00010567697223985864,0.1171268215915767,3.53116490302779e-05,472.3333333333333,41.126127541065216
-6.13998496695693,106.75129678834334,0.0370029602106758,0.00010975736026962036,0.1169996551664967,3.661625687907992e-05,438.875,36.46799475247742
-6.13998496695693,106.76027994118454,0.0369711633614295,0.0001118502601017474,0.1170020220159222,2.0510763404010984e-05,452.1428571428572,33.28007646060858
-6.13998496695693,106.76926309402572,0.0369711633614295,0.0001118502601017474,0.1170020220159222,2.0510763404010984e-05,452.22222222222223,37.93142075469528
-6.13998496695693,106.77824624686691,0.0369766676879686,0.00011348774784771171,0.1169908026100924,3.677049540156875e-05,422.7272727272728,44.83176083718577
-6.13998496695693,106.78722939970812,0.0367582730274998,0.00011532955377021682,0.1170056768968965,3.706658320775628e-05,439.4166666666667,47.78132202148438
-6.13998496695693,106.79621255254932,0.0367390760474653,0.0001137902770333051,0.1169890548840568,3.894056574214323e-05,472.55555555555554,46.70529260306522
-6.13998496695693,106.80519570539052,0.0364624835663755,0.00011138030551113528,0.1170020804350487,3.7277299096811326e-05,483.77777777777777,46.79456352769283
-6.13998496695693,106.81417885823171,0.0362846793361856,0.00011134925304389138,0.1170085448964871,3.765832609256957e-05,482.75,63.199292500813804
-6.13998496695693,106.82316201107292,0.0362487080426849,0.00011141423635691196,0.1169965730088584,2.2952207679885865e-05,470.6,51.839864511958886
-6.13998496695693,106.83214516391408,0.0359943993985647,0.00011122436789180729,0.1169890711633206,2.20574453120994e-05,452.0,52.19550045116527
-6.13998496695693,106.84112831675527,0.0355091790875584,0.00011134022105477354,0.116994794890501,3.815259527855286e-05,451.6,43.7005734724157
-6.13998496695693,106.85011146959648,0.0356512467714221,0.00011152497073148762,0.1170036268220892,4.532706129926783e-05,445.125,48.65214360555013
-6.13998496695693,106.85909462243768,0.0356512467714221,0.00011152497073148762,0.1170036268220892,4.532706129926783e-05,426.8,54.38562061046732
-6.13998496695693,106.86807777527888,0.0355591112402407,0.00010798967261128051,0.1170110145604304,5.495208800873825e-05,435.8333333333333,51.46884269714356
-6.13998496695693,106.87706092812007,0.0355387850229272,0.00010571586463717668,0.117010984014356,6.914838327419494e-05,443.7142857142857,52.71819667158456
-6.13998496695693,106.88604408096128,0.0353069599535167,9.966296981378124e-05,0.1171367168534686,5.435014939645786e-05,444.0,50.42419947871456
-6.13998496695693,106.89502723380248,0.0350026384983995,9.22707277400056e-05,0.1171337361703198,6.221683715786671e-05,437.0,52.1478388413139
-6.13998496695693,106.90401038664366,0.0350029170513409,8.588412446326453e-05,0.1169983924055246,5.453643827087812e-05,428.5,45.83553070492215
-6.13998496695693,106.91299353948486,0.0349182129478886,8.100840263961706e-05,0.1170005730995155,5.193843252321224e-05,435.44444444444446,47.84910879000812
-6.13998496695693,106.92197669232606,0.0347908001145928,7.921796915790223e-05,0.1169980702147613,5.4139876882568426e-05,436.1428571428572,44.64902786586595
-6.13998496695693,106.93095984516724,0.0345402060220235,7.325891729569747e-05,0.1170129906971738,5.304912668142365e-05,412.0,48.44389395280318
-6.13998496695693,106.93994299800843,0.0345402060220235,7.325891729569747e-05,0.1170129906971738,5.304912668142365e-05,411.5,50.77873653835721
-6.13998496695693,106.94892615084964,0.0345473515687417,6.951454991885538e-05,0.1170077760902847,3.22136353171866e-05,404.57142857142856,22.42417449217576
-6.13998496695693,106.95790930369084,0.0343202732730137,6.591042465205092e-05,0.1170049126072321,3.2852707658351795e-05,429.2,20.30916879532185
-6.13998496695693,106.96689245653202,0.0343177092781862,6.397955349532572e-05,0.1170044515126132,4.126558106230039e-05,415.49285714285713,16.57939841733341
-6.131001814115734,106.68841471845498,0.0369548872112677,9.05674513526096e-05,0.1171276717173534,2.1151665902497465e-05,458.4,42.79536870320638
-6.131001814115734,106.69739787129618,0.0369736460952045,9.162734223963836e-05,0.1170725673496123,2.0768741626548264e-05,474.6666666666667,46.22386559531802
-6.131001814115734,106.70638102413736,0.0372446052351144,9.429206700936824e-05,0.1171061222298387,8.99723377356605e-06,471.1666666666667,47.74809040742762
-6.131001814115734,106.71536417697855,0.0372638625688422,9.437093239499992e-05,0.1171282313439228,2.208932148460287e-05,472.0,48.19092721205492
-6.131001814115734,106.72434732981976,0.0370919456186824,9.8315999956325e-05,0.1171275657245865,2.2611193162909768e-05,483.8,43.07737648487091
-6.131001814115734,106.73333048266096,0.037211215537431,0.00010207626581498534,0.1171208978621019,3.696642851220445e-05,491.0,55.573732731706
-6.131001814115734,106.74231363550214,0.037006638176612,0.00010567697223985864,0.1171268215915767,3.53116490302779e-05,491.0,40.079468409220375
-6.131001814115734,106.75129678834334,0.0370029602106758,0.00010975736026962036,0.1169996551664967,3.661625687907992e-05,462.625,42.3613510131836
-6.131001814115734,106.76027994118454,0.0369711633614295,0.0001118502601017474,0.1170020220159222,2.0510763404010984e-05,456.3,42.21878911681095
-6.131001814115734,106.76926309402572,0.0369711633614295,0.0001118502601017474,0.1170020220159222,2.0510763404010984e-05,457.4285714285714,47.08474025726319
-6.131001814115734,106.77824624686691,0.0369766676879686,0.00011348774784771171,0.1169908026100924,3.677049540156875e-05,457.1428571428572,45.645831388585705
-6.131001814115734,106.78722939970812,0.0367582730274998,0.00011532955377021682,0.1170056768968965,3.706658320775628e-05,472.38461538461536,52.68520809355236
-6.131001814115734,106.79621255254932,0.0367390760474653,0.0001137902770333051,0.1169890548840568,3.894056574214323e-05,459.5,56.78084965241261
-6.131001814115734,106.80519570539052,0.0364624835663755,0.00011138030551113528,0.1170020804350487,3.7277299096811326e-05,449.8333333333333,54.52690352743322
-6.131001814115734,106.81417885823171,0.0362846793361856,0.00011134925304389138,0.1170085448964871,3.765832609256957e-05,445.0,51.3057186126709
-6.131001814115734,106.82316201107292,0.0362487080426849,0.00011141423635691196,0.1169965730088584,2.2952207679885865e-05,455.375,42.69009584850736
-6.131001814115734,106.83214516391408,0.0359943993985647,0.00011122436789180729,0.1169890711633206,2.20574453120994e-05,441.125,47.734365969288106
-6.131001814115734,106.84112831675527,0.0355091790875584,0.00011134022105477354,0.116994794890501,3.815259527855286e-05,424.875,47.73088793600759
-6.131001814115734,106.85011146959648,0.0356512467714221,0.00011152497073148762,0.1170036268220892,4.532706129926783e-05,423.1818181818182,50.29809629324392
-6.131001814115734,106.85909462243768,0.0356512467714221,0.00011152497073148762,0.1170036268220892,4.532706129926783e-05,426.6,56.18531564565805
-6.131001814115734,106.86807777527888,0.0355591112402407,0.00010798967261128051,0.1170110145604304,5.495208800873825e-05,438.9090909090909,49.05369383713295
-6.131001814115734,106.87706092812007,0.0355387850229272,0.00010571586463717668,0.117010984014356,6.914838327419494e-05,458.25,48.9940808614095
-6.131001814115734,106.88604408096128,0.0353069599535167,9.966296981378124e-05,0.1171367168534686,5.435014939645786e-05,452.5,46.538120905558266
-6.131001814115734,106.89502723380248,0.0350026384983995,9.22707277400056e-05,0.1171337361703198,6.221683715786671e-05,435.6,49.66119683094514
-6.131001814115734,106.90401038664366,0.0350029170513409,8.588412446326453e-05,0.1169983924055246,5.453643827087812e-05,419.8333333333333,45.352851643281824
-6.131001814115734,106.91299353948486,0.0349182129478886,8.100840263961706e-05,0.1170005730995155,5.193843252321224e-05,436.57142857142856,46.18222824096679
-6.131001814115734,106.92197669232606,0.0347908001145928,7.921796915790223e-05,0.1169980702147613,5.4139876882568426e-05,418.9,47.73008311878551
-6.131001814115734,106.93095984516724,0.0345402060220235,7.325891729569747e-05,0.1170129906971738,5.304912668142365e-05,419.75,58.5910549679318
-6.131001814115734,106.93994299800843,0.0345402060220235,7.325891729569747e-05,0.1170129906971738,5.304912668142365e-05,420.0,41.94632076687283
-6.131001814115734,106.94892615084964,0.0345473515687417,6.951454991885538e-05,0.1170077760902847,3.22136353171866e-05,403.75,26.91140700168297
-6.131001814115734,106.95790930369084,0.0343202732730137,6.591042465205092e-05,0.1170049126072321,3.2852707658351795e-05,403.25,21.050173950195312
-6.131001814115734,106.96689245653202,0.0343177092781862,6.397955349532572e-05,0.1170044515126132,4.126558106230039e-05,412.1428571428572,14.294614006491267
-6.122018661274539,106.68841471845498,0.0367149437448606,8.482320069046671e-05,0.1170180612931398,2.136598811896404e-05,472.5833333333333,37.87919600113578
-6.122018661274539,106.69739787129618,0.0369755214326331,8.71538128838486e-05,0.1170166113004216,2.2581284041170117e-05,454.45454545454544,36.12504948510064
-6.122018661274539,106.70638102413736,0.036990135954055,8.860796773009631e-05,0.1170128239988102,2.2126417328803037e-05,472.5,39.62962614695231
-6.122018661274539,106.71536417697855,0.0369469545167981,9.070208529195118e-05,0.1171190368871198,2.2658024965063876e-05,484.57142857142856,37.10909297731188
-6.122018661274539,106.72434732981976,0.0369412977672908,9.25292559331229e-05,0.1171194426673007,2.174783843364314e-05,471.875,34.31037139892578
-6.122018661274539,106.73333048266096,0.0369307684015382,9.633086616591172e-05,0.117118828804176,3.760829122524688e-05,467.1111111111111,42.884549891695066
-6.122018661274539,106.74231363550214,0.0367432568441886,9.838866775071294e-05,0.1170660596049118,5.2845818322518966e-05,454.7,42.128747505054136
-6.122018661274539,106.75129678834334,0.0367600415096076,0.00010210086121088889,0.117006928700158,5.152054539492584e-05,458.3333333333333,43.16598280695558
-6.122018661274539,106.76027994118454,0.0367489450797923,0.00010595213679683194,0.1169966727303408,5.371996788150151e-05,439.0,46.60772346047794
-6.122018661274539,106.76926309402572,0.0367489450797923,0.00010595213679683194,0.1169966727303408,5.371996788150151e-05,455.375,63.94708461761475
-6.122018661274539,106.77824624686691,0.0367668588032213,0.00010628275396440696,0.1170025679466698,5.126420615264877e-05,436.75,53.332972755915
-6.122018661274539,106.78722939970812,0.0367512584439888,0.00010813775124522344,0.1170057848795691,3.972559966260792e-05,439.0,52.196850499799176
-6.122018661274539,106.79621255254932,0.0367643815692058,0.00010602307472078771,0.1170098643897767,3.8946674440418345e-05,454.57142857142856,47.35827424791124
-6.122018661274539,106.80519570539052,0.0367544255922331,9.986233976950147e-05,0.1170162383623704,2.417181482219222e-05,443.2,49.18408254476694
-6.122018661274539,106.81417885823171,0.0367844964042936,0.0001001649290756638,0.1170102426410603,2.4484784274848767e-05,450.3333333333333,53.92711839010549
-6.122018661274539,106.82316201107292,0.0362556277032323,9.804081335094072e-05,0.116997882823843,2.2781062715765023e-05,439.1428571428572,33.69012820813083
-6.122018661274539,106.84112831675527,0.0360048482758915,0.00010016171718991896,0.1171377760145111,5.357076932268025e-05,453.8571428571428,32.68054179141396
-6.122018661274539,106.85011146959648,0.0357811910196149,0.00010167164336258677,0.1171340621341258,5.2082727205548566e-05,439.625,48.841900783302506
-6.122018661274539,106.85909462243768,0.0357811910196149,0.00010167164336258677,0.1171340621341258,5.2082727205548566e-05,411.0,63.85206451416016
-6.122018661274539,106.86807777527888,0.0355412099967563,9.811709551051048e-05,0.1170091717128022,3.887168845334366e-05,427.0833333333333,51.14315436868107
-6.122018661274539,106.87706092812007,0.0352714157859169,9.810485329691316e-05,0.116996589050867,3.7054143655282136e-05,454.7777777777778,46.82556865328834
-6.122018661274539,106.88604408096128,0.0353259674091977,9.429073564452368e-05,0.1169975745516554,3.89305652030152e-05,432.1904761904762,49.34121161886731
-6.122018661274539,106.89502723380248,0.0352765034494912,8.896170385826452e-05,0.1169946399920336,6.191315828058624e-05,444.6666666666667,52.80589043753488
-6.122018661274539,106.90401038664366,0.0350153519598096,8.407938944290061e-05,0.1170033404537732,6.952486528556558e-05,460.25,45.91701150447764
-6.122018661274539,106.91299353948486,0.0350178983947165,7.733569623172369e-05,0.1170030040248333,6.927971350517496e-05,443.5,48.22264486645896
-6.122018661274539,106.92197669232606,0.03482133546063,7.334775131859466e-05,0.1170038235965717,5.401602339016664e-05,436.0,48.84864456176758
-6.122018661274539,106.93095984516724,0.0345419121909357,6.99503914333392e-05,0.117009856596335,5.455830343266072e-05,436.57142857142856,47.11349082574612
-6.122018661274539,106.93994299800843,0.0345419121909357,6.99503914333392e-05,0.117009856596335,5.455830343266072e-05,426.0,29.683493028607284
-6.122018661274539,106.94892615084964,0.0345419126186554,6.760267150301135e-05,0.1170131174448035,2.082710135818614e-05,420.0,25.24252752987844
-6.122018661274539,106.95790930369084,0.0343018044351288,6.390163969147145e-05,0.1170120707218407,2.3578972857955917e-05,412.0,22.96017382485526
-6.122018661274539,106.96689245653202,0.0343205021711531,6.381358192649386e-05,0.1170060109508323,3.886469971300141e-05,403.7,16.337219064885918
-6.113035508433344,106.69739787129618,0.0367072857654229,8.094820786833966e-05,0.1170199083371965,3.604552076859807e-05,458.4,29.11117761031441
-6.113035508433344,106.70638102413736,0.0367163884757193,8.283068706264146e-05,0.1170108540002524,3.616336929082318e-05,471.8333333333333,26.42904796022357
-6.113035508433344,106.71536417697855,0.0367041498490506,8.50193199827962e-05,0.117018308711049,3.6290362058897565e-05,472.3333333333333,26.42295565207799
-6.113035508433344,106.72434732981976,0.0365260620721002,8.665584633053125e-05,0.1171209759265978,2.962186621259058e-05,472.3333333333333,28.099635109068856
-6.113035508433344,106.73333048266096,0.0367044004318178,8.660304614693389e-05,0.1171237685353279,5.470474562931424e-05,467.5,36.22705123400448
-6.113035508433344,106.74231363550214,0.0369434705584018,9.054150314718245e-05,0.1169942350601013,6.901083054147276e-05,452.4,67.15826034545898
-6.113035508433344,106.75129678834334,0.0369323207873435,9.455681369092784e-05,0.1170014813776681,5.326373932334398e-05,472.375,57.78776868184408
-6.113035508433344,106.76027994118454,0.0367332619310185,9.465172362533904e-05,0.1169999462185755,7.023533657259852e-05,467.6666666666667,50.743953704833984
-6.113035508433344,106.76926309402572,0.0367332619310185,9.465172362533904e-05,0.1169999462185755,7.023533657259852e-05,469.25,52.81917106814501
-6.113035508433344,106.77824624686691,0.0367519766447293,9.625179548760656e-05,0.1169994471853954,5.1793119828729727e-05,433.1777777777778,78.45830721468539
-6.113035508433344,106.78722939970812,0.0367415363575102,9.631114619180876e-05,0.1170117631742389,5.137636800805215e-05,407.6666666666667,74.33107383387863
-6.113035508433344,106.79621255254932,0.036733236801177,9.61438966363686e-05,0.1170636930228287,5.344565434921208e-05,409.0,38.13983327692205
-6.113035508433344,106.80519570539052,0.0363739663425881,9.426254017792608e-05,0.1171260906094408,3.875476692678388e-05,420.57142857142856,29.91599436729185
-6.113035508433344,106.85909462243768,0.0360163546026332,9.439084528834168e-05,0.117001758506113,5.386394664803176e-05,373.2857142857143,58.3709874124922
-6.113035508433344,106.86807777527888,0.0357248120680464,9.261948108412684e-05,0.1171214978222222,3.753468068506981e-05,405.5,73.68693549746558
-6.113035508433344,106.87706092812007,0.0355214039464168,9.255592469218216e-05,0.117121509567923,3.760746587239485e-05,435.8333333333333,75.17716535881384
-6.113035508433344,106.88604408096128,0.0355390968228222,8.786658579273054e-05,0.1170004615184962,5.395505929315271e-05,452.0,76.21613359953228
-6.113035508433344,106.89502723380248,0.035271755629684,8.294725950630546e-05,0.1170071634812594,6.825369288398532e-05,444.4,71.93071781903848
-6.113035508433344,106.90401038664366,0.0351720101590938,7.93921591212826e-05,0.1170035511844696,6.933176896251452e-05,459.4,73.12695771120907
-6.113035508433344,106.91299353948486,0.0350290641965496,7.537449748135861e-05,0.1169940234917234,8.366951534692453e-05,460.375,59.181680285741415
-6.113035508433344,106.92197669232606,0.0347973051565871,7.141035198460827e-05,0.1169906723261673,7.08068570267922e-05,451.0,55.17155608310495
-6.113035508433344,106.93095984516724,0.0349180641743587,6.756989413576887e-05,0.1170002630365363,7.005222942209657e-05,444.5,42.6029591193566
-6.113035508433344,106.93994299800843,0.0349180641743587,6.756989413576887e-05,0.1170002630365363,7.005222942209657e-05,452.0,38.95583470662435
-6.113035508433344,106.94892615084964,0.0345522349077422,6.592708114093049e-05,0.1170073630692284,5.330179318505388e-05,435.8571428571428,38.38625985003532
-6.113035508433344,106.95790930369084,0.0342999719119933,6.364118624805063e-05,0.1170121685627923,2.3439498020182003e-05,418.8571428571428,25.876984170766978
-6.113035508433344,106.96689245653202,0.0342948226282224,6.0116351372839263e-05,0.1171333201860908,3.690866030498929e-05,419.875,20.543760467978085
-6.104052355592149,106.69739787129618,0.0367249055400066,7.579451448949684e-05,0.1170152738951673,5.464572795419329e-05,475.2,31.613502829415456
-6.104052355592149,106.70638102413736,0.0367144525659886,7.677645862310692e-05,0.1170178875783377,3.673428726188027e-05,484.0,28.735868559943302
-6.104052355592149,106.71536417697855,0.0369482511014944,7.759100216371521e-05,0.1171311353937936,5.4933416779485216e-05,456.25,29.405097325642902
-6.104052355592149,106.72434732981976,0.0367065844356502,7.936189837556264e-05,0.1170110515208956,6.686778545214417e-05,448.9555555555555,26.92869305124088
-6.104052355592149,106.73333048266096,0.0369767939179631,8.116660095205539e-05,0.1170067263452414,8.594687510152124e-05,448.875,27.40125323356466
-6.104052355592149,106.74231363550214,0.0367235484414689,8.302232213181511e-05,0.1169971688932159,8.378733500296892e-05,435.375,52.780550722216
-6.104052355592149,106.75129678834334,0.0369535683839337,8.516576635265671e-05,0.1171160417170949,6.787881220761527e-05,532.5,42.66092647205699
-6.104052355592149,106.79621255254932,0.0367341790333867,8.663147109032217e-05,0.1170118070597878,6.876317254432673e-05,414.5,30.68341005352181
-6.104052355592149,106.87706092812007,0.0355277764420171,8.698420288627194e-05,0.1171230766733809,3.9326478035291374e-05,395.2,105.21899586339153
-6.104052355592149,106.88604408096128,0.0355075286742845,8.183320885837055e-05,0.1171207969055354,3.604584539081157e-05,435.6666666666667,114.59943046569823
-6.104052355592149,106.89502723380248,0.0352651133124759,7.716567640594933e-05,0.1170173358100292,6.896961326233959e-05,439.08333333333337,164.79096777964446
-6.104052355592149,106.90401038664366,0.0352742748034504,7.360195665881228e-05,0.1171327879357497,8.289609032747067e-05,452.2857142857143,150.64564729941011
-6.104052355592149,106.91299353948486,0.0350235497793828,7.152541049477002e-05,0.1171385002961663,8.26276920817872e-05,471.875,120.77006193067209
-6.104052355592149,106.92197669232606,0.0350281397024385,6.779398995368704e-05,0.117132039355613,8.263042540592011e-05,442.5,72.41513417333765
-6.104052355592149,106.93095984516724,0.034822930626836,6.584053530619826e-05,0.1171374386641253,8.324932462956133e-05,452.1666666666667,45.86109577525746
-6.104052355592149,106.93994299800843,0.034822930626836,6.584053530619826e-05,0.1171374386641253,8.324932462956133e-05,427.0,44.40578963539817
-6.104052355592149,106.94892615084964,0.034823692610505,6.210988423111583e-05,0.1170070575396628,6.816611451896175e-05,401.3333333333333,40.66265591708097
-6.104052355592149,106.95790930369084,0.0345393329193979,5.992445264189589e-05,0.1170076588874708,3.67256407446969e-05,411.0,32.78493827968448
-6.104052355592149,106.96689245653202,0.0345687993764619,6.004602005571525e-05,0.1171340081930185,5.419736400629834e-05,428.5,29.11726577609193
-6.095069202750953,106.70638102413736,0.0369571731537895,7.190727728920668e-05,0.1171226547157011,5.46862945727823e-05,470.38461538461536,36.72791516780853
-6.095069202750953,106.71536417697855,0.0369609293606569,7.286745801841657e-05,0.117124056728099,6.587521329779982e-05,455.75,31.614969762166343
-6.095069202750953,106.72434732981976,0.036942571795185,7.390611370850666e-05,0.1171071771282854,6.729846990269231e-05,438.45454545454544,28.24339134977888
-6.095069202750953,106.73333048266096,0.0367129003363297,7.514649304224316e-05,0.1171108621561687,7.682852579485251e-05,526.0,36.71619939804077
-6.095069202750953,106.74231363550214,0.0369736443500746,7.532245180691021e-05,0.1170028714910802,8.52514939634418e-05,453.5,91.66277284975403
-6.095069202750953,106.75129678834334,0.0367212042959513,7.528763284359014e-05,0.117107723290332,8.485692929999601e-05,496.6666666666666,26.59889875139509
-6.086086049909758,106.73333048266096,0.0367108144799917,6.959220300528502e-05,0.1171173174045203,8.47882879991544e-05,425.6666666666667,54.206086762746175
-6.086086049909758,106.75129678834334,0.0367361928062321,6.96200463173237e-05,0.1171210878012515,8.550367441229551e-05,442.8333333333333,25.614894743526683
-6.077102897068563,106.75129678834334,0.036735827336445,6.58638661605892e-05,0.1171241318196032,5.3054783622747546e-05,411.5,5.772887514956171
