lat,lon,s5p_co,s5p_no2,s5p_o3,s5p_so2,viirs_ntl
-6.36456378798681,106.88604408096128,0.0367457924198447,8.871260796542727e-05,0.1177451971165,2.5036674033502205e-05,22.78985977172852
-6.36456378798681,106.89502723380248,0.0361877033646955,8.46542871421235e-05,0.117753811619077,5.353672531778959e-05,17.47018798192342
-6.36456378798681,106.91299353948486,0.036067829770552,8.487858409845832e-05,0.1177338339149423,4.9092590985638726e-05,23.0908504486084
-6.355580635145615,106.79621255254932,0.0359793910767048,9.331542424304783e-05,0.1177103362125167,7.384568328766642e-05,28.137308883666996
-6.355580635145615,106.80519570539052,0.0359826166821212,9.222993193534443e-05,0.1176948435603865,7.198194991865788e-05,29.58340247472127
-6.355580635145615,106.81417885823171,0.0359792071049209,9.205208455184567e-05,0.1176273199437478,2.646278395940548e-05,26.34770107269287
-6.355580635145615,106.82316201107292,0.0360809863000616,9.598187170916994e-05,0.1176044639355829,4.5053062198305057e-05,23.203510284423828
-6.355580635145615,106.87706092812007,0.0362486693906624,9.397592719279216e-05,0.117806072397689,5.21188491483176e-06,26.140010140158918
-6.355580635145615,106.88604408096128,0.0364225979874863,9.256184889210597e-05,0.1177477598303673,1.6862974785718248e-05,25.05292087377504
-6.355580635145615,106.89502723380248,0.0358959198759121,9.275818592863177e-05,0.1177472790280398,3.074306523176061e-05,20.403674840927124
-6.355580635145615,106.90401038664366,0.0362185006216538,8.891722245595078e-05,0.1177335591290796,1.7576402569805354e-05,18.661945343017575
-6.355580635145615,106.91299353948486,0.0360335383898712,9.130642655551394e-05,0.1177403947558874,1.0101317295673089e-05,22.31868347754845
-6.34659748230442,106.79621255254932,0.035964860738558,9.020376894630518e-05,0.1177371535889659,8.496252584947698e-05,36.82717323303223
-6.34659748230442,106.80519570539052,0.0359793909703648,9.61227406075458e-05,0.1176288979841442,9.97022961223126e-05,30.578434626261394
-6.34659748230442,106.81417885823171,0.0359777529796298,9.987281139166518e-05,0.1176209136844646,5.126617873218653e-05,28.72600116729736
-6.34659748230442,106.82316201107292,0.035976591485485,0.00010255493062162816,0.117608226164712,4.8465635939264754e-05,25.851435643976384
-6.34659748230442,106.83214516391408,0.0357893819473152,0.00010474049170552496,0.1176167544071845,2.6521800552206542e-05,26.28223890187789
-6.34659748230442,106.85909462243768,0.0361023238119201,0.00010427919108595128,0.1176008548416635,6.898157344522195e-05,26.91391586435252
-6.34659748230442,106.86807777527888,0.0362853490318178,0.0001012094944600724,0.1177384236752794,6.139195615405207e-05,29.82851413580088
-6.34659748230442,106.87706092812007,0.0363060896633777,0.00010058940483734971,0.1177531319560263,2.770962728808789e-05,26.296980906341037
-6.34659748230442,106.88604408096128,0.0363259288996056,9.788337127366588e-05,0.1177543896584244,2.139093946024008e-05,28.08745994567871
-6.34659748230442,106.89502723380248,0.0360357575118325,9.401084881447082e-05,0.1177476288815381,3.9478839122821775e-05,25.23353918543402
-6.34659748230442,106.90401038664366,0.0362735537477422,9.363712615582328e-05,0.1177248332073409,1.7576402569805354e-05,23.6111394142618
-6.34659748230442,106.91299353948486,0.0357437897474152,9.205256646281296e-05,0.1177405252691325,2.946254605742119e-05,24.70096941136602
-6.337614329463224,106.80519570539052,0.0359648751715603,0.00010010285985056156,0.1176227969708971,6.53408405837612e-05,28.67481769214977
-6.337614329463224,106.81417885823171,0.0359907637254147,0.00010196424791252954,0.1176113304270189,6.646405017823778e-05,25.926260471343998
-6.337614329463224,106.82316201107292,0.0358274460914128,0.00010182273771064783,0.1176126968319851,3.0767835140659514e-05,24.876451110839845
-6.337614329463224,106.83214516391408,0.0355413009016521,0.00010739237969308783,0.1176336083372154,4.487700438818309e-05,26.32477347056071
-6.337614329463224,106.84112831675527,0.0358453778853764,0.00010754940012687666,0.1176371013683964,3.256770272771012e-05,25.429932912190758
-6.337614329463224,106.85011146959648,0.0357325898874617,0.00011026459867869908,0.117769239136802,2.5378454665754583e-05,26.416648864746094
-6.337614329463224,106.85909462243768,0.0357325898874617,0.00011026459867869908,0.117769239136802,2.5378454665754583e-05,27.85329818725586
-6.337614329463224,106.86807777527888,0.0360972309121615,0.00010756860717938618,0.1177409488407508,4.8513166802955686e-05,28.480022975376677
-6.337614329463224,106.87706092812007,0.0365127513205434,0.00010556150444502068,0.1177431130439545,2.982041860373475e-05,26.573948773470796
-6.337614329463224,106.88604408096128,0.03644062847764,0.00010146381684326536,0.1177550655096169,2.2694657409215048e-05,28.458331680297853
-6.337614329463224,106.89502723380248,0.0362799914555747,9.829497308898402e-05,0.1177408816687189,4.981477277486357e-05,25.859464645385746
-6.337614329463224,106.90401038664366,0.0363380871712652,9.721892638467615e-05,0.1177339373383297,4.085421541710632e-05,23.66552670796712
-6.337614329463224,106.91299353948486,0.0359314814613836,9.992362902283092e-05,0.1177413593211208,5.5744588288352616e-05,21.6790288289388
-6.32863117662203,106.80519570539052,0.0359939557218863,0.00010117864586543192,0.1176339942727314,8.67692231203986e-05,28.56806835261258
-6.32863117662203,106.81417885823171,0.0360243949008114,0.00010282459574368934,0.1176124164635278,6.646405017823778e-05,26.296972465515136
-6.32863117662203,106.82316201107292,0.0359194613992952,0.00010175264139074722,0.1176327231814326,6.871099766589168e-05,27.607795238494877
-6.32863117662203,106.83214516391408,0.0357764744638181,0.00010992671861257128,0.1176279612522508,4.47598722531254e-05,27.694963455200195
-6.32863117662203,106.84112831675527,0.0359444426913949,0.00011044370248416796,0.1176390197671627,3.310712418165081e-05,25.83392111460368
-6.32863117662203,106.85011146959648,0.0359016014800457,0.00010955900440593909,0.1177373241617135,4.384155060200803e-05,26.822439816533304
-6.32863117662203,106.85909462243768,0.0359016014800457,0.00010955900440593909,0.1177373241617135,4.384155060200803e-05,28.96298738626333
-6.32863117662203,106.86807777527888,0.0364054329693907,0.0001076117777651182,0.1176132184333744,6.646720822310447e-05,28.157342931959363
-6.32863117662203,106.87706092812007,0.036722913665361,0.00010754591579911992,0.1177362166343471,4.412924499768641e-05,28.04134521484375
-6.32863117662203,106.88604408096128,0.0367723604269584,0.00010552231454490988,0.1177373976519803,4.090296953028844e-05,30.207448739271896
-6.32863117662203,106.89502723380248,0.0365203486227156,0.00010203782042815328,0.1177517288717543,6.896081939460263e-05,24.15724372863769
-6.32863117662203,106.90401038664366,0.0363138555958727,0.0001020369245053016,0.1177528060814828,9.726632975235562e-05,22.95232919546274
-6.32863117662203,106.91299353948486,0.036290195814105,0.00010171969505389816,0.1177343126299319,9.877091327302722e-05,23.386010487874348
-6.319648023780834,106.81417885823171,0.0367208243140971,0.0001019413628193114,0.1176412113747277,5.2707512534462166e-05,27.569369536179764
-6.319648023780834,106.82316201107292,0.0364866361087943,0.00010212169802755564,0.1176212646340583,8.229763109897636e-05,25.163503011067707
-6.319648023780834,106.83214516391408,0.0362501662600591,0.00011066948156718144,0.117728621639446,0.0001012921482490534,25.19351975123088
-6.319648023780834,106.84112831675527,0.0362347820151469,0.0001111894351601555,0.1177494006054382,5.881673660070219e-05,26.298574794422496
-6.319648023780834,106.85011146959648,0.0364898832806782,0.00011072694798000296,0.1177344679498825,7.179005842768003e-05,25.18532795376248
-6.319648023780834,106.85909462243768,0.0364898832806782,0.00011072694798000296,0.1177344679498825,7.179005842768003e-05,27.19671122233073
-6.319648023780834,106.86807777527888,0.0365148905422252,0.00010950405245790191,0.1178114985353969,9.723807758941126e-05,26.10557573491877
-6.319648023780834,106.87706092812007,0.0371119767684464,0.00010754290981320174,0.1177370113033722,6.21523194028148e-05,27.5751789410909
-6.319648023780834,106.88604408096128,0.0369913481470539,0.00011048201949124932,0.1178512445809316,4.655586065820726e-05,34.34426081549261
-6.319648023780834,106.89502723380248,0.0370079609922048,0.00010865975320112092,0.1178606732899835,5.185476038601862e-05,25.604250821200285
-6.319648023780834,106.90401038664366,0.0364978637643742,0.00010480777093768384,0.1177475884086505,6.056159089273003e-05,25.085857137044272
-6.319648023780834,106.91299353948486,0.036724441440855,0.0001018978797224315,0.1177354217913516,9.6510669688969e-05,18.913732528686523
-6.310664870939639,106.77824624686691,0.0364882086493649,0.00010614640632405093,0.1176127147966152,1.2383876688236627e-05,27.9269136949019
-6.310664870939639,106.78722939970812,0.0364932854118825,9.92415250877218e-05,0.1176213802582932,2.425120285768281e-05,26.6778138478597
-6.310664870939639,106.79621255254932,0.0366452374178619,9.995028201970444e-05,0.1176080590191341,6.3870849078067e-05,28.730499267578125
-6.310664870939639,106.80519570539052,0.0360034232338053,0.00010188130186332928,0.1176881541310972,5.75792208700274e-05,28.346999713352748
-6.310664870939639,106.81417885823171,0.0367208243140971,0.0001019413628193114,0.1176412113747277,5.2707512534462166e-05,27.530223499644887
-6.310664870939639,106.82316201107292,0.0364866361087943,0.00010212169802755564,0.1176212646340583,8.229763109897636e-05,22.48978322866012
-6.310664870939639,106.83214516391408,0.0362501662600591,0.00011066948156718144,0.117728621639446,0.0001012921482490534,24.769324832492405
-6.310664870939639,106.84112831675527,0.0362347820151469,0.0001111894351601555,0.1177494006054382,5.881673660070219e-05,30.52668267853406
-6.310664870939639,106.85011146959648,0.0364898832806782,0.00011072694798000296,0.1177344679498825,7.179005842768003e-05,26.592912673950195
-6.310664870939639,106.85909462243768,0.0364898832806782,0.00011072694798000296,0.1177344679498825,7.179005842768003e-05,32.315263784156656
-6.310664870939639,106.86807777527888,0.0365148905422252,0.00010950405245790191,0.1178114985353969,9.723807758941126e-05,32.58107963768212
-6.310664870939639,106.87706092812007,0.0371119767684464,0.00010754290981320174,0.1177370113033722,6.21523194028148e-05,34.710477342792586
-6.310664870939639,106.88604408096128,0.0369913481470539,0.00011048201949124932,0.1178512445809316,4.655586065820726e-05,40.69967514038086
-6.310664870939639,106.89502723380248,0.0370079609922048,0.00010865975320112092,0.1178606732899835,5.185476038601862e-05,37.06099642240084
-6.310664870939639,106.90401038664366,0.0364978637643742,0.00010480777093768384,0.1177475884086505,6.056159089273003e-05,27.52345709367232
-6.310664870939639,106.91299353948486,0.036724441440855,0.0001018978797224315,0.1177354217913516,9.6510669688969e-05,25.604333576403167
-6.301681718098443,106.77824624686691,0.0365437159176247,0.00011493662816934664,0.1176084157095168,1.216993998352275e-05,30.90823237101237
-6.301681718098443,106.78722939970812,0.0365191675834532,0.0001102169568988238,0.1176165018721325,3.844817365467382e-05,31.87514591217041
-6.301681718098443,106.79621255254932,0.0367486756294418,0.00010699523488335916,0.1176079976414553,2.7992330143174333e-05,32.61601638793945
-6.301681718098443,106.80519570539052,0.036750527196089,0.00011009659509740984,0.1176826915480969,6.255767847051217e-05,31.0624059677124
-6.301681718098443,106.81417885823171,0.0367871336504409,0.0001030057246678838,0.1176277087898644,9.569451565443776e-05,30.04962491989136
-6.301681718098443,106.82316201107292,0.036720256188117,0.00010964264220109234,0.1176422359534512,4.979478107202454e-05,35.071942922231315
-6.301681718098443,106.83214516391408,0.0367486759828042,0.00011021166292834108,0.1178126368736546,5.111371238793016e-05,29.58814945220947
-6.301681718098443,106.84112831675527,0.036473028361824,0.00011123835127286048,0.1177966600096286,5.220892912807829e-05,39.15306010999178
-6.301681718098443,106.85011146959648,0.0365870206182882,0.00011021166574202332,0.1177674708150854,5.595970147280979e-05,31.77135385785784
-6.301681718098443,106.85909462243768,0.0365870206182882,0.00011021166574202332,0.1177674708150854,5.595970147280979e-05,39.69217205047608
-6.301681718098443,106.86807777527888,0.0366849265992388,0.00010753775760904752,0.1178077460399792,9.998396883405318e-05,40.650152926974826
-6.301681718098443,106.87706092812007,0.0371135966529539,0.00011109179829625297,0.1177194546992074,0.0001024874852188713,42.531769296397336
-6.301681718098443,106.88604408096128,0.0370063823692384,0.00011143141665714058,0.1177504363010732,5.185476038601401e-05,67.6383311991789
-6.301681718098443,106.89502723380248,0.0370063637121647,0.0001064817809343166,0.1178016319217362,0.00010060499493320726,53.23572540283203
-6.301681718098443,106.90401038664366,0.0368646902279109,0.00010232922457822082,0.1177381186244842,0.00011779641257219568,26.10902404785156
-6.301681718098443,106.91299353948486,0.0366164601992684,0.00010016732854897644,0.1177435769571974,0.00011854372328768617,24.66515244377984
-6.292698565257249,106.76926309402572,0.0367679506274066,0.00012046209938459448,0.1176088615904504,6.948454228770406e-06,33.40672175089518
-6.292698565257249,106.77824624686691,0.0365890205275541,0.00012099916584804146,0.1176198341943038,-5.436404280271399e-06,40.55415015127144
-6.292698565257249,106.78722939970812,0.0367502894988412,0.00011227085633429476,0.1176156316897479,3.703769091486553e-05,49.90498653678007
-6.292698565257249,106.79621255254932,0.0367703471712049,0.00011136436699475488,0.1176035629879699,2.0225188423149937e-05,52.30680664725926
-6.292698565257249,106.80519570539052,0.0367254851358038,0.00011151590006358424,0.1176750609965542,5.100506259738499e-06,52.22377689679464
-6.292698565257249,106.81417885823171,0.0369107300972287,0.00010944680999742116,0.117622323268308,4.84255490750924e-05,42.40183852700626
-6.292698565257249,106.82316201107292,0.0370482290497462,0.0001086726293003438,0.1176935530127062,3.691287750412111e-05,36.50354362487793
-6.292698565257249,106.83214516391408,0.0368867610198874,0.00010976773531427584,0.1177584470490197,5.487332978447163e-05,31.175091619076937
-6.292698565257249,106.84112831675527,0.0367318333532972,0.0001151487930352361,0.1177261105018031,4.326616181054616e-05,31.91410633669061
-6.292698565257249,106.85011146959648,0.0370302032679097,0.00011269832555204306,0.1176086389868436,1.7883403366665866e-05,27.78839718211781
-6.292698565257249,106.85909462243768,0.0370302032679097,0.00011269832555204306,0.1176086389868436,1.7883403366665866e-05,29.61249368840998
-6.292698565257249,106.86807777527888,0.0368800846566834,0.00011147340353404576,0.1177568965613067,0.00010487373618766877,36.09895844893022
-6.292698565257249,106.87706092812007,0.036898886493504,0.00010755838302535848,0.1177389481536619,7.323033819561224e-05,35.88810495229868
-6.292698565257249,106.88604408096128,0.0370313092100233,0.00010866362027191334,0.1178048475295022,4.629810811050084e-05,43.83018930946909
-6.292698565257249,106.89502723380248,0.0370209680183457,0.00010454748851021312,0.1177999157394203,4.893299576497185e-05,30.425072193145752
-6.292698565257249,106.90401038664366,0.0372478988288606,0.0001043486748432522,0.1177446297129062,9.20732633538441e-05,26.580055236816406
-6.283715412416053,106.76027994118454,0.0364687986771775,0.00012027343991431376,0.1177535279744078,-2.930292303002276e-05,27.475282351175945
-6.283715412416053,106.76926309402572,0.0364687986771775,0.00012027343991431376,0.1177535279744078,-2.930292303002276e-05,43.42314679694898
-6.283715412416053,106.77824624686691,0.0366375027597174,0.00012074613162092262,0.1175997723321299,-1.5869076137686237e-05,44.31085801124573
-6.283715412416053,106.78722939970812,0.03646574394972,0.00011310103218437726,0.117591652574393,5.597344679664321e-05,37.896603139241535
-6.283715412416053,106.79621255254932,0.0364569678824617,0.00011314750586552588,0.1175981298662746,1.7836041370395106e-05,40.03310012817383
-6.283715412416053,106.80519570539052,0.0366224866956691,0.00011155670654278566,0.1176090645654479,1.8975297057140893e-05,45.77617115877113
-6.283715412416053,106.81417885823171,0.0366890959784387,0.00011178756068679368,0.1175996959533297,1.596603051893885e-05,36.84886741638184
-6.283715412416053,106.82316201107292,0.0367486756295528,0.00011307458953541787,0.1176112527454837,3.478393182382075e-06,33.68846893310547
-6.283715412416053,106.83214516391408,0.0367318335920319,0.00011809819261535312,0.117665938453088,2.210435841358969e-05,31.640548706054688
-6.283715412416053,106.84112831675527,0.0367318335920841,0.00011511233501379523,0.1176129138812738,1.8282982670511235e-05,34.44750738143921
-6.283715412416053,106.85011146959648,0.0367318335920319,0.00011430004198713648,0.1176013917228889,4.506751466217518e-05,29.57477760314941
-6.283715412416053,106.85909462243768,0.0367318335920319,0.00011430004198713648,0.1176013917228889,4.506751466217518e-05,29.87173982100053
-6.283715412416053,106.86807777527888,0.0369735556759068,0.00011156389123028772,0.117804478661686,5.834257120188421e-05,33.65076991489956
-6.283715412416053,106.87706092812007,0.036731834204403,0.00011153237478180213,0.1177338269946184,4.678358527602327e-05,32.718234062194824
-6.283715412416053,106.88604408096128,0.0372137252674429,0.00011030009379681988,0.1177352724897471,4.3781785416324365e-05,24.0402946472168
-6.283715412416053,106.89502723380248,0.036758000702972,0.00010825529681764442,0.1178485361216098,5.681863034418932e-05,23.713296478869868
-6.283715412416053,106.90401038664366,0.0370872803032669,0.00010484064371637824,0.117742507815968,6.292525461718369e-05,29.47442398819269
-6.274732259574858,106.76027994118454,0.0367015654953229,0.00012269225801504567,0.1177500685001174,-2.502495392976407e-05,40.66354971346648
-6.274732259574858,106.76926309402572,0.0367015654953229,0.00012269225801504567,0.1177500685001174,-2.502495392976407e-05,40.18441778329702
-6.274732259574858,106.77824624686691,0.0366938523947972,0.00012231486286174188,0.1177478155015019,2.055953789176008e-05,38.378231048583984
-6.274732259574858,106.78722939970812,0.036849569692021,0.00012046661115655412,0.1176089428385684,1.3136828140029389e-05,38.05456107003348
-6.274732259574858,106.79621255254932,0.0367113960921558,0.00012547031393103026,0.1176693246502625,1.5051705188906573e-05,35.78016217549642
-6.274732259574858,106.80519570539052,0.0366922879870079,0.00011660114065250106,0.1175992846367411,-1.0729258857097876e-05,36.78147506713867
-6.274732259574858,106.81417885823171,0.0369188939694104,0.00011235893121521966,0.1176051803372446,-1.6397421623304228e-05,36.524238204956056
-6.274732259574858,106.82316201107292,0.037042239680864,0.00011281548380410124,0.1176876811664276,4.300914570465252e-06,33.398216247558594
-6.274732259574858,106.83214516391408,0.0370782539861579,0.00011788084868859008,0.1177249297901071,1.8769613255161943e-05,33.046390533447266
-6.274732259574858,106.84112831675527,0.0370543569881158,0.00011936109513027652,0.1176055233666058,5.140464119875865e-05,33.162645721435545
-6.274732259574858,106.85011146959648,0.0367638605336127,0.00011505243515522862,0.1177497273732732,3.8368727419781686e-05,29.263873863220216
-6.274732259574858,106.85909462243768,0.0367638605336127,0.00011505243515522862,0.1177497273732732,3.8368727419781686e-05,41.329115549723305
-6.274732259574858,106.86807777527888,0.0367638605336943,0.00011378674389580072,0.1177404645021789,7.815179434995579e-05,38.89924222160788
-6.274732259574858,106.87706092812007,0.0367638583446756,0.00011188480840923512,0.1177323692436676,6.26308967627006e-05,26.034525394439697
-6.274732259574858,106.88604408096128,0.0370202872118407,0.00010838226068818346,0.1177522622377868,5.1551024813921305e-05,22.384876251220703
-6.274732259574858,106.89502723380248,0.0368145855508385,0.00010601107822092996,0.1178596241611125,6.654250589754154e-05,18.62279319763184
-6.274732259574858,106.90401038664366,0.0367820348109362,0.00010470539094949728,0.1177577707947309,0.00010008142271530776,20.786948204040527
-6.265749106733662,106.75129678834334,0.0369922360405103,0.00013556292325534933,0.1177410175081337,-5.310339646621888e-05,31.171079397201535
-6.265749106733662,106.76027994118454,0.0370088666677778,0.00013090327589482492,0.1177484036814016,-6.853697931323247e-05,36.11110242207845
-6.265749106733662,106.76926309402572,0.0370088666677778,0.00013090327589482492,0.1177484036814016,-6.853697931323247e-05,34.229504108428955
-6.265749106733662,106.77824624686691,0.0369922638183445,0.00012438623242900474,0.1177487984149078,-2.073463402545384e-05,47.63152694702149
-6.265749106733662,106.78722939970812,0.0370043628647736,0.00012396353508574198,0.1176236286471911,-2.147964847723621e-05,47.169879141308016
-6.265749106733662,106.79621255254932,0.0369023390768048,0.00012786968865724475,0.1176881392453877,-1.0215127633580005e-05,39.176249980926514
-6.265749106733662,106.80519570539052,0.0370579167981071,0.0001229614076359032,0.117623480206543,-3.0171606749793288e-05,39.13712946573893
-6.265749106733662,106.81417885823171,0.0370422396809166,0.00012369801350329247,0.1176136547410606,-2.2247876523804224e-05,42.68573032725941
-6.265749106733662,106.82316201107292,0.0370311990817803,0.0001237452670465412,0.1176948855033063,2.0114162907690773e-05,37.59558264414469
-6.265749106733662,106.83214516391408,0.0370452533814685,0.0001278243581299349,0.1176709235715624,2.0114162907735435e-05,36.39337158203125
-6.265749106733662,106.84112831675527,0.0370397406319258,0.0001230971586966406,0.1176131285453631,3.608345041793506e-05,35.033938598632815
-6.265749106733662,106.85011146959648,0.0365014092841232,0.00011601846544162464,0.1176078859914088,5.283778768303778e-05,32.517356872558594
-6.265749106733662,106.85909462243768,0.0365014092841232,0.00011601846544162464,0.1176078859914088,5.283778768303778e-05,39.68743096628496
-6.265749106733662,106.86807777527888,0.0367964439693262,0.00011542737450403432,0.1177607184827463,5.266325965790939e-05,38.68625381027443
-6.265749106733662,106.87706092812007,0.0364453409864205,0.0001138012686887073,0.1176124154366057,6.811900980530922e-05,31.554374186197915
-6.265749106733662,106.88604408096128,0.0370020393505564,0.00011403039557422358,0.1177449318635255,9.176077099298864e-05,30.358288870917427
-6.265749106733662,106.89502723380248,0.0368081970042838,0.00010830113029025536,0.1177419126288503,0.0001109326564830782,31.56129084406672
-6.265749106733662,106.90401038664366,0.0365008520489938,0.000105703987221648,0.1177518102559595,0.00010008142271530776,25.812530517578125
-6.256765953892468,106.76027994118454,0.0369825735688513,0.00013627791380747774,0.1177505666939769,-8.669776444270967e-05,33.0963499886649
-6.256765953892468,106.76926309402572,0.0369825735688513,0.00013627791380747774,0.1177505666939769,-8.669776444270967e-05,34.57787399291992
-6.256765953892468,106.77824624686691,0.0370990024524011,0.0001332602471099137,0.1177493781222759,-5.393483759731834e-05,38.22996215820312
-6.256765953892468,106.78722939970812,0.0369876759588989,0.0001307045270304889,0.1177488600801075,-5.090937121303992e-05,38.72026963667436
-6.256765953892468,106.79621255254932,0.0370898053398207,0.0001309531514012455,0.1177536424690056,-2.3641673936637145e-05,44.3491465250651
-6.256765953892468,106.80519570539052,0.0372311288941153,0.00012959023266107716,0.1177620966275832,6.458942152672296e-06,46.87814585367838
-6.256765953892468,106.81417885823171,0.0371105126515266,0.00013088132214764345,0.1176260715066211,-3.9357636890386976e-05,45.29505462646485
-6.256765953892468,106.82316201107292,0.0369900158084443,0.00013246291378310368,0.1176867518084597,5.654386367491042e-06,37.93006134033203
-6.256765953892468,106.83214516391408,0.0370631366617447,0.00012888416044479063,0.1177328515052234,5.164262963464549e-05,38.428657913208006
-6.256765953892468,106.84112831675527,0.0367566509982506,0.00012319607114864568,0.1176117817222491,5.0354355780252027e-05,36.07588334517045
-6.256765953892468,106.85011146959648,0.0367543730101393,0.00011813338694713236,0.1177501653630821,4.757462844657251e-05,37.64021301269531
-6.256765953892468,106.85909462243768,0.0367543730101393,0.00011813338694713236,0.1177501653630821,4.757462844657251e-05,35.886158999274755
-6.256765953892468,106.86807777527888,0.0367952724365797,0.00011425036199876728,0.1176085114271289,5.303938976098055e-05,40.62402115858995
-6.256765953892468,106.87706092812007,0.0367419160722242,0.0001159818358955744,0.1176158785481766,5.3380323478297344e-05,39.398677468299866
-6.256765953892468,106.88604408096128,0.0370177514851693,0.00010911130433116718,0.1176108343869778,5.39923144970964e-05,28.854610092785894
-6.256765953892468,106.89502723380248,0.0367784132023889,0.0001054012847210098,0.1176078458737063,6.781561933162742e-05,29.28567664924709
-6.256765953892468,106.90401038664366,0.036968257137291,0.000102047299151166,0.1176783195269648,8.420037274862804e-05,31.92212015268754
-6.256765953892468,106.91299353948486,0.0368142589356008,9.693637525136567e-05,0.1177423263402044,8.87171630187286e-05,41.09168936989524
-6.247782801051272,106.75129678834334,0.0371885994909222,0.00014002093666923206,0.1177368535651613,-4.595218979372445e-05,31.34656583345853
-6.247782801051272,106.76027994118454,0.0371894563709843,0.0001427523238818401,0.1177238971135611,-6.615709557272352e-05,31.877894507514107
-6.247782801051272,106.76926309402572,0.0371894563709843,0.0001427523238818401,0.1177238971135611,-6.615709557272352e-05,31.12109375
-6.247782801051272,106.77824624686691,0.0375530132183686,0.00014011387247583795,0.1178391045638541,-3.0905858412020004e-05,43.07227921485901
-6.247782801051272,106.78722939970812,0.0374160204082502,0.00014181332226047595,0.1177959714992699,-2.643156853312586e-05,42.40665626525879
-6.247782801051272,106.79621255254932,0.0372241227060599,0.00014128555238088284,0.1177202851362925,-1.7647938205544462e-05,51.46467208862305
-6.247782801051272,106.80519570539052,0.0373087607101736,0.00014458516624592683,0.1176312404943701,-1.2273726497361984e-06,50.85817219660832
-6.247782801051272,106.81417885823171,0.037238923211923,0.00014269714135597324,0.1176375648086264,-1.1245141730942371e-05,41.517425537109375
-6.247782801051272,106.82316201107292,0.0369551013415777,0.0001362571228588445,0.1176246493204771,1.1834319334061138e-05,40.84001159667969
-6.247782801051272,106.83214516391408,0.0370998364477521,0.0001356417643554905,0.1176235327797626,5.425516694476537e-05,44.41053990619938
-6.247782801051272,106.84112831675527,0.0367573592811308,0.0001290836478211883,0.1177391865306883,3.903344232038671e-05,45.671951509871576
-6.247782801051272,106.85011146959648,0.0367597669988224,0.0001205411328823106,0.1177546687543233,5.387958210608736e-05,45.11688591452206
-6.247782801051272,106.85909462243768,0.0367597669988224,0.0001205411328823106,0.1177546687543233,5.387958210608736e-05,44.31044673919678
-6.247782801051272,106.86807777527888,0.036765638907852,0.00011313903802666494,0.117609151550541,5.41564964806607e-05,56.97220265588095
-6.247782801051272,106.87706092812007,0.0367616353864433,0.00011264478011588513,0.1176110007465668,5.4707288654677367e-05,50.58839858205695
-6.247782801051272,106.88604408096128,0.0365655301809588,0.0001126997753636784,0.1176061820172261,5.336024150901272e-05,42.589850425720215
-6.247782801051272,106.89502723380248,0.036906669847645,0.0001067673510987602,0.117729615459717,6.965950062012396e-05,36.07704428664776
-6.247782801051272,106.90401038664366,0.0370100121944624,0.00010356380153083648,0.1177152938962646,5.886055936713621e-05,38.30853105627972
-6.247782801051272,106.91299353948486,0.0372544602551558,9.44305609064763e-05,0.1177488602576593,7.23900484446212e-05,37.21598148345947
-6.247782801051272,106.92197669232606,0.0368781189577716,9.225921428616563e-05,0.1176159103749401,3.731761376219943e-05,38.79945731649593
-6.247782801051272,106.93095984516724,0.0367631386467513,8.576021971344848e-05,0.1176167685688227,7.107683079968115e-05,38.94552800896462
-6.247782801051272,106.93994299800843,0.0367631386467513,8.576021971344848e-05,0.1176167685688227,7.107683079968115e-05,35.16957244873047
-6.238799648210077,106.75129678834334,0.0372016038745418,0.0001464325354280041,0.1177227767716064,-2.493421249901606e-05,36.370578624584056
-6.238799648210077,106.76027994118454,0.0373457061883606,0.00014677823723782145,0.117743965422122,-2.5799215300024867e-05,34.09976891910328
-6.238799648210077,106.76926309402572,0.0373457061883606,0.00014677823723782145,0.117743965422122,-2.5799215300024867e-05,34.4416166305542
-6.238799648210077,106.77824624686691,0.0376959321043262,0.00014789094401107747,0.1177121105355611,-2.679893738889785e-05,50.18974121411642
-6.238799648210077,106.78722939970812,0.0374185021285116,0.0001515715496941586,0.1178434442683568,-1.0107105383919485e-05,45.6378345489502
-6.238799648210077,106.79621255254932,0.0374299396382125,0.0001457870107455258,0.1177168286723652,4.833593325063335e-06,60.222289766584126
-6.238799648210077,106.80519570539052,0.0373144677900333,0.00014720509604354868,0.1177377312115975,2.830905599433916e-05,60.62428023598411
-6.238799648210077,106.81417885823171,0.0372326313024759,0.00015274169901558708,0.1177565443209691,5.70963379343954e-05,55.11564509073893
-6.238799648210077,106.82316201107292,0.03722329656229,0.00014675433205693232,0.1177448224161294,4.293948976814052e-05,63.80214515099159
-6.238799648210077,106.83214516391408,0.0372196766515269,0.0001415235908176832,0.1176086651869151,6.890499607263489e-05,64.27444429035428
-6.238799648210077,106.84112831675527,0.0367573595950396,0.00013566059027503595,0.1177985966523127,6.749105612712964e-05,51.623641380896935
-6.238799648210077,106.85011146959648,0.0364789022146085,0.00012314893683644068,0.1178549598695877,6.0794352358684766e-05,56.31369018554688
-6.238799648210077,106.85909462243768,0.0364789022146085,0.00012314893683644068,0.1178549598695877,6.0794352358684766e-05,40.156139055887856
-6.238799648210077,106.86807777527888,0.0364940037648666,0.00011623745413100664,0.1177812069656372,7.197913873835952e-05,42.89751815795898
-6.238799648210077,106.87706092812007,0.0365487849639797,0.000112377438932594,0.1177499098510013,6.959683869563916e-05,39.67289505004883
-6.238799648210077,106.88604408096128,0.0365590301114882,0.00010788240862369484,0.1176030698734754,8.38480584762875e-05,39.46352713448661
-6.238799648210077,106.89502723380248,0.0367796393949307,0.00010645159627300076,0.1176122735191569,0.00013329265277520802,39.64700698852539
-6.238799648210077,106.90401038664366,0.0367552335425759,0.00010206075281765212,0.1176122694915043,6.925326510081692e-05,34.557382583618164
-6.238799648210077,106.91299353948486,0.0371160229669021,9.428453195156902e-05,0.1176087434964079,7.467078103230325e-05,33.894524574279785
-6.238799648210077,106.92197669232606,0.037010012194492,9.427729051246892e-05,0.1176215422946944,2.7512070553862893e-05,36.46677485108376
-6.238799648210077,106.93095984516724,0.0366651939798577,8.745229470241825e-05,0.1176084069888682,3.599258365763776e-05,36.43443771362305
-6.238799648210077,106.93994299800843,0.0366651939798577,8.745229470241825e-05,0.1176084069888682,3.599258365763776e-05,33.806060791015625
-6.2298164953688815,106.74231363550214,0.037394857261342,0.00014636850552362442,0.1178844206648608,2.2723636631520148e-05,31.641372752639484
-6.2298164953688815,106.75129678834334,0.037520448366775,0.00013630762073899296,0.1178652670741514,1.419564464843937e-05,32.65088943481445
-6.2298164953688815,106.76027994118454,0.0372415061580077,0.00014702176849834203,0.1178643397195213,-2.758014625216874e-05,32.34616806927849
-6.2298164953688815,106.76926309402572,0.0372415061580077,0.00014702176849834203,0.1178643397195213,-2.758014625216874e-05,33.05274547230113
-6.2298164953688815,106.77824624686691,0.037520448366775,0.00015146026271384947,0.1178526308429563,-7.2754337426002275e-06,38.853795138272375
-6.2298164953688815,106.78722939970812,0.0374476654858545,0.0001528680936317456,0.1178570191138644,2.4130497424842352e-05,42.84195664349724
-6.2298164953688815,106.79621255254932,0.0374417619924985,0.00015282868964991726,0.117849725350091,9.754327038521328e-06,65.63582010472075
-6.2298164953688815,106.80519570539052,0.0374671403326323,0.00015352394496524635,0.1177609468564727,-4.15480803528931e-06,91.2535535418798
-6.2298164953688815,106.81417885823171,0.0371938434739353,0.00015321095997910492,0.1177553623836072,3.1391346055851157e-06,74.42064181241122
-6.2298164953688815,106.82316201107292,0.0371938434740477,0.00014952421653657114,0.117747074409302,5.590502072964118e-05,74.54466729085954
-6.2298164953688815,106.83214516391408,0.0370316115026687,0.00014514225952614077,0.1177582962006199,4.0026985253842486e-05,62.21781372756101
-6.2298164953688815,106.84112831675527,0.0367281522590788,0.00013579159774993477,0.1178494801858345,2.2656372190508496e-05,48.16189130147298
-6.2298164953688815,106.85011146959648,0.0364719979595412,0.00012066371024350318,0.1178495201872142,3.8332805789941335e-05,46.37685521443685
-6.2298164953688815,106.85909462243768,0.0364719979595412,0.00012066371024350318,0.1178495201872142,3.8332805789941335e-05,42.69472444974459
-6.2298164953688815,106.86807777527888,0.0365203143836882,0.00011651203517032578,0.1177579353083199,4.086324211139136e-05,46.11448669433594
-6.2298164953688815,106.87706092812007,0.0363433806388107,0.00011427978955019494,0.117777687519469,4.795139561898335e-05,61.78800137837728
-6.2298164953688815,106.88604408096128,0.0360719412564982,0.00010591705831952791,0.1177570526807177,8.168392906972668e-05,44.69588290943819
-6.2298164953688815,106.89502723380248,0.0361913118573614,0.00010372718315913644,0.1176123226976965,5.5234362274310926e-05,39.15126595130334
-6.2298164953688815,106.90401038664366,0.0361887415250407,0.00010199884304733222,0.1176717493952216,8.214498197684891e-05,36.58915328979492
-6.2298164953688815,106.91299353948486,0.036524790159031,9.451416277078652e-05,0.1176239820102659,7.004227627573163e-05,36.36170673370361
-6.2298164953688815,106.92197669232606,0.03622099373868,9.272365177451588e-05,0.1176106687302187,4.964603387413821e-05,37.30934829711914
-6.2298164953688815,106.93095984516724,0.0362521216968246,8.684178909181476e-05,0.1176216211311014,5.110204648887383e-05,36.60875447591146
-6.2298164953688815,106.93994299800843,0.0362521216968246,8.684178909181476e-05,0.1176216211311014,5.110204648887383e-05,36.40359624226888
-6.220833342527687,106.72434732981976,0.037365166001258,0.00012929143849751382,0.1178657235225325,2.4044842136102578e-05,30.873918826763447
-6.220833342527687,106.73333048266096,0.0375746022910154,0.00013386233174721634,0.1178940847909957,4.461405534805379e-06,33.95035743713379
-6.220833342527687,106.74231363550214,0.037394857261342,0.00014636850552362442,0.1178844206648608,2.2723636631520148e-05,33.53732833862305
-6.220833342527687,106.75129678834334,0.037520448366775,0.00013630762073899296,0.1178652670741514,1.419564464843937e-05,34.11938684636896
-6.220833342527687,106.76027994118454,0.0372415061580077,0.00014702176849834203,0.1178643397195213,-2.758014625216874e-05,34.57712091718401
-6.220833342527687,106.76926309402572,0.0372415061580077,0.00014702176849834203,0.1178643397195213,-2.758014625216874e-05,37.62131042480469
-6.220833342527687,106.77824624686691,0.037520448366775,0.00015146026271384947,0.1178526308429563,-7.2754337426002275e-06,41.63643188476563
-6.220833342527687,106.78722939970812,0.0374476654858545,0.0001528680936317456,0.1178570191138644,2.4130497424842352e-05,44.09346989222935
-6.220833342527687,106.79621255254932,0.0374417619924985,0.00015282868964991726,0.117849725350091,9.754327038521328e-06,59.4412407875061
-6.220833342527687,106.80519570539052,0.0374671403326323,0.00015352394496524635,0.1177609468564727,-4.15480803528931e-06,82.52760948933346
-6.220833342527687,106.81417885823171,0.0371938434739353,0.00015321095997910492,0.1177553623836072,3.1391346055851157e-06,90.1471939086914
-6.220833342527687,106.82316201107292,0.0371938434740477,0.00014952421653657114,0.117747074409302,5.590502072964118e-05,73.05941914988088
-6.220833342527687,106.83214516391408,0.0370316115026687,0.00014514225952614077,0.1177582962006199,4.0026985253842486e-05,63.315270529852974
-6.220833342527687,106.84112831675527,0.0367281522590788,0.00013579159774993477,0.1178494801858345,2.2656372190508496e-05,54.23179340362549
-6.220833342527687,106.85011146959648,0.0364719979595412,0.00012066371024350318,0.1178495201872142,3.8332805789941335e-05,47.3492808871799
-6.220833342527687,106.85909462243768,0.0364719979595412,0.00012066371024350318,0.1178495201872142,3.8332805789941335e-05,47.536417587943696
-6.220833342527687,106.86807777527888,0.0365203143836882,0.00011651203517032578,0.1177579353083199,4.086324211139136e-05,49.105969746907554
-6.220833342527687,106.87706092812007,0.0363433806388107,0.00011427978955019494,0.117777687519469,4.795139561898335e-05,66.56980514526367
-6.220833342527687,106.88604408096128,0.0360719412564982,0.00010591705831952791,0.1177570526807177,8.168392906972668e-05,79.35392196090133
-6.220833342527687,106.89502723380248,0.0361913118573614,0.00010372718315913644,0.1176123226976965,5.5234362274310926e-05,37.91797474452427
-6.220833342527687,106.90401038664366,0.0361887415250407,0.00010199884304733222,0.1176717493952216,8.214498197684891e-05,36.816049575805664
-6.220833342527687,106.91299353948486,0.036524790159031,9.451416277078652e-05,0.1176239820102659,7.004227627573163e-05,37.58777155194964
-6.220833342527687,106.92197669232606,0.03622099373868,9.272365177451588e-05,0.1176106687302187,4.964603387413821e-05,40.58177531849254
-6.220833342527687,106.93095984516724,0.0362521216968246,8.684178909181476e-05,0.1176216211311014,5.110204648887383e-05,40.21305592854818
-6.220833342527687,106.93994299800843,0.0362521216968246,8.684178909181476e-05,0.1176216211311014,5.110204648887383e-05,43.35789489746094
-6.220833342527687,106.94892615084964,0.0364594198763928,8.179980674481104e-05,0.1176160487110998,4.6422113618461695e-05,40.58979034423828
-6.211850189686492,106.72434732981976,0.0375186650880479,0.00013134820735594596,0.1178513634119626,3.8601888704375605e-05,30.084571838378903
-6.211850189686492,106.73333048266096,0.0377610113023407,0.0001316663393978341,0.1178823814222634,-6.0420884313692295e-06,34.941857147216794
-6.211850189686492,106.74231363550214,0.0376862110526771,0.00013596233534525067,0.11787551995065,5.209281808442449e-06,31.635507382844622
-6.211850189686492,106.75129678834334,0.0377872769121083,0.0001357113620548707,0.1178697144553018,-5.9538958794256085e-06,34.59426498413086
-6.211850189686492,106.76027994118454,0.0375079963371679,0.00014450464701378288,0.1178774551373582,-2.763719385259259e-05,35.24239518907335
-6.211850189686492,106.76926309402572,0.0375079963371679,0.00014450464701378288,0.1178774551373582,-2.763719385259259e-05,42.48547790527344
-6.211850189686492,106.77824624686691,0.0379723019637798,0.00014685317503268635,0.1178617514242426,1.9236587482801207e-05,43.33739536213425
-6.211850189686492,106.78722939970812,0.0378593623972294,0.00014861276406827304,0.117866060679626,5.051436592015492e-05,42.68148117065429
-6.211850189686492,106.79621255254932,0.0376777611673187,0.00015181656257583486,0.117746854021726,2.6020896544138132e-05,69.45922055451766
-6.211850189686492,106.80519570539052,0.0374715544047106,0.00015195920426788065,0.1178568591604795,2.6234341054807287e-05,72.23353220204838
-6.211850189686492,106.81417885823171,0.0371938430893711,0.00015045873107071532,0.1177533243767411,4.068518978267366e-05,64.62212415011425
-6.211850189686492,106.82316201107292,0.0371938435551073,0.00015127966053317483,0.1178596645383781,6.994224168006789e-05,73.81494674682617
-6.211850189686492,106.83214516391408,0.0370553174541153,0.00014831735528768385,0.1177573882739166,4.866618652984725e-05,53.825782775878906
-6.211850189686492,106.84112831675527,0.0366772782895859,0.0001349714597509476,0.1178634362916497,2.565967154589372e-05,44.1041987101237
-6.211850189686492,106.85011146959648,0.0365084726413379,0.00012038662472231803,0.117880116344196,1.7153136974328903e-05,41.57945156097412
-6.211850189686492,106.85909462243768,0.0365084726413379,0.00012038662472231803,0.117880116344196,1.7153136974328903e-05,45.653788346510666
-6.211850189686492,106.86807777527888,0.0365428198438638,0.00012040114618834484,0.1178653351511939,8.663039179951994e-06,45.558345317840576
-6.211850189686492,106.87706092812007,0.0365049745887006,0.00011623430212181308,0.1178774787975685,2.309736889710427e-05,46.25218137105306
-6.211850189686492,106.88604408096128,0.0361871605630462,0.00010893432195023154,0.1177406349149065,2.125326089302493e-05,44.08261585235596
-6.211850189686492,106.89502723380248,0.0363483848037626,0.00010364114551424408,0.1177394376313634,6.752940673478756e-05,41.3620670636495
-6.211850189686492,106.90401038664366,0.0361913118577338,9.834421998107694e-05,0.1176771623422717,5.475954294814962e-05,41.71402562807684
-6.211850189686492,106.91299353948486,0.0364896655083293,9.472269855328343e-05,0.1177532538148897,4.378906625643484e-05,40.51412257742375
-6.211850189686492,106.92197669232606,0.0362176628450209,8.774159598314901e-05,0.1176785966180233,5.948064848494407e-05,37.57397514625832
-6.211850189686492,106.93095984516724,0.0362058265375513,8.368763200630931e-05,0.117602373457792,9.991967140059352e-05,40.63570542768999
-6.211850189686492,106.93994299800843,0.0362058265375513,8.368763200630931e-05,0.117602373457792,9.991967140059352e-05,38.82799175329376
-6.211850189686492,106.94892615084964,0.0360353364416134,8.151338509323308e-05,0.1178538315992731,9.377893312799132e-05,43.47084442774455
-6.211850189686492,106.95790930369084,0.0360409514065368,7.566774708008086e-05,0.1178508019011349,6.925780083660174e-05,39.57500784737723
-6.202867036845296,106.72434732981976,0.0388145358301431,0.0001304544275625641,0.1178747642909644,2.4350052767187164e-05,33.64438802545721
-6.202867036845296,106.73333048266096,0.0386785538867399,0.0001318209979111058,0.1178798825687635,1.541687034776352e-06,36.04516792297363
-6.202867036845296,106.74231363550214,0.0377276933130236,0.00014227904400741293,0.1178563018149935,2.332820580992322e-05,39.311262948172434
-6.202867036845296,106.75129678834334,0.0380113906895373,0.0001375824179015433,0.117873801822071,9.775480235757288e-06,45.29990768432617
-6.202867036845296,106.76027994118454,0.0380113903337283,0.00014689708873541713,0.1178719829558463,3.6359789138128366e-06,43.785343170166016
-6.202867036845296,106.76926309402572,0.0380113903337283,0.00014689708873541713,0.1178719829558463,3.6359789138128366e-06,41.43260955810547
-6.202867036845296,106.77824624686691,0.0381980416376379,0.00014334375977299404,0.1178568967910661,3.366639956067998e-05,40.67375903659397
-6.202867036845296,106.78722939970812,0.0381753806299489,0.0001468465095770107,0.1177393370530673,6.059874727078993e-05,43.815621566772464
-6.202867036845296,106.79621255254932,0.0381809809870219,0.000150393350243655,0.1178041671693315,5.0393990482267646e-05,56.11922970152738
-6.202867036845296,106.80519570539052,0.0377333469692943,0.0001519270881547125,0.1178636632674767,6.824509579680024e-05,60.66478863884421
-6.202867036845296,106.81417885823171,0.0374868413975983,0.00015192119323319722,0.1178583404474029,6.951266231393023e-05,56.88460559844971
-6.202867036845296,106.82316201107292,0.0374782619037464,0.00015054769028234065,0.1178634949519338,5.249814216709884e-05,80.7517330463116
-6.202867036845296,106.83214516391408,0.0370417432859284,0.00014710755755982684,0.1178634840603534,4.717211413659629e-05,60.85428837367466
-6.202867036845296,106.84112831675527,0.0370448360549228,0.00012933673058476662,0.1179283698790672,1.518583636564624e-05,50.09691758589311
-6.202867036845296,106.85011146959648,0.036522248072989,0.00012073107531483592,0.1179573437048146,1.3495991678620334e-05,51.06756820678711
-6.202867036845296,106.85909462243768,0.036522248072989,0.00012073107531483592,0.1179573437048146,1.3495991678620334e-05,42.04821090698242
-6.202867036845296,106.86807777527888,0.0362092204391706,0.00012080831826028123,0.1179648619721476,2.3847437138751707e-05,41.12248077392578
-6.202867036845296,106.87706092812007,0.0362152982294713,0.0001174387307559614,0.117872827754462,4.696793309021412e-05,40.60167407989502
-6.202867036845296,106.88604408096128,0.0363546865991997,0.00011206080236147236,0.1178777821455816,5.485360653461255e-05,41.83641492403471
-6.202867036845296,106.89502723380248,0.0365236427603752,0.00010763416615239152,0.117877422493414,6.501361865432855e-05,38.1920403374566
-6.202867036845296,106.90401038664366,0.0365049745887785,9.833328094083884e-05,0.1177947524231256,5.488863121641921e-05,35.77440367073849
-6.202867036845296,106.91299353948486,0.0364793002632383,9.537251392480651e-05,0.1178595619443921,6.99708877422507e-05,36.14507532755534
-6.202867036845296,106.92197669232606,0.0362235504322161,9.029178619068718e-05,0.1178637357655985,7.092322045545017e-05,37.21225738525391
-6.202867036845296,106.93095984516724,0.0362057860214772,8.596819800780139e-05,0.1179140143394416,7.099499736437809e-05,39.81626138687134
-6.202867036845296,106.93994299800843,0.0362057860214772,8.596819800780139e-05,0.1179140143394416,7.099499736437809e-05,88.9074712117513
-6.202867036845296,106.94892615084964,0.0360645408890415,7.955136655626398e-05,0.1179902881435059,5.046782966355169e-05,88.26687359809875
-6.202867036845296,106.95790930369084,0.035878837196598,7.305479839081801e-05,0.117992774488193,6.182042852733395e-05,37.78423522949219
-6.193883884004101,106.72434732981976,0.0389790611726241,0.00012734145275309486,0.1178766002371036,7.849675284798268e-06,43.86819721090382
-6.193883884004101,106.73333048266096,0.0385754726207421,0.00012948512841858657,0.117858572978544,1.5538432587945224e-05,44.87825703620911
-6.193883884004101,106.74231363550214,0.0384294185787208,0.00013015174772582584,0.1178663714452169,-5.100263665089926e-06,44.94178009033203
-6.193883884004101,106.75129678834334,0.0384066680238492,0.00013260389609141203,0.117864384596976,-1.51973315182366e-05,54.827935791015626
-6.193883884004101,106.76027994118454,0.0382904837225656,0.0001359460293316467,0.11786120365775,-5.100263635265245e-06,66.50277528308686
-6.193883884004101,106.76926309402572,0.0382904837225656,0.0001359460293316467,0.11786120365775,-5.100263635265245e-06,44.95723516290838
-6.193883884004101,106.77824624686691,0.0382599486037859,0.000149854005866907,0.1178852675049247,4.064056412315596e-05,40.42860488891601
-6.193883884004101,106.78722939970812,0.0380113910843899,0.00014203422544350325,0.117758396790388,5.596805392322698e-05,43.0781286239624
-6.193883884004101,106.79621255254932,0.0380113898020577,0.0001453285367462114,0.1177886735101718,5.70237711864292e-05,51.09683532714844
-6.193883884004101,106.80519570539052,0.037708969617964,0.00015175190623994205,0.1179316593436259,5.671444310078834e-05,49.87612009048462
-6.193883884004101,106.81417885823171,0.0377088909311178,0.0001488396002170873,0.11797531333219,5.0353341237323e-05,56.80573519854478
-6.193883884004101,106.82316201107292,0.0374706522478342,0.0001437636176639278,0.1179832588493304,5.386707992065618e-05,84.93565461129853
-6.193883884004101,106.83214516391408,0.0374857178268755,0.00014287447396110417,0.1178573316598398,5.380816792893289e-05,62.285676683698384
-6.193883884004101,106.84112831675527,0.0370392250853159,0.00012781596663944523,0.1179690151552106,1.53497778127753e-05,59.48515319824219
-6.193883884004101,106.85011146959648,0.0370426092738146,0.0001246703632759406,0.1179793242992337,5.2552463411637725e-06,54.10686280992296
-6.193883884004101,106.85909462243768,0.0370426092738146,0.0001246703632759406,0.1179793242992337,5.2552463411637725e-06,46.87721398671468
-6.193883884004101,106.86807777527888,0.0365416374801423,0.00011696028694419894,0.1179774682970766,4.826007770933805e-05,51.575086306219234
-6.193883884004101,106.87706092812007,0.0361751928660876,0.00011205349922707762,0.1178486632057684,8.60084846373492e-05,48.84797477722168
-6.193883884004101,106.88604408096128,0.0362179611758981,0.00010816634285569244,0.1178745331356068,8.511744640070834e-05,59.13351821899414
-6.193883884004101,106.89502723380248,0.0363653722693206,0.00010737423919982228,0.1178593323255361,5.4436614170188616e-05,44.08422088623047
-6.193883884004101,106.90401038664366,0.0362043986096471,9.820837230705856e-05,0.1178552995969519,5.489830987830497e-05,39.081138398912216
-6.193883884004101,106.91299353948486,0.0362353526536494,9.421104322212532e-05,0.1178558437993009,6.97968759511402e-05,37.89033239028033
-6.193883884004101,106.92197669232606,0.0362354591567078,8.853567123873432e-05,0.1178536452550918,5.255841254799236e-05,36.10676114064343
-6.193883884004101,106.93095984516724,0.0362362915758764,8.109542963590114e-05,0.1179925154697051,4.97172293052665e-05,38.29491424560547
-6.193883884004101,106.93994299800843,0.0362362915758764,8.109542963590114e-05,0.1179925154697051,4.97172293052665e-05,35.69672748020717
-6.193883884004101,106.94892615084964,0.0359745149247232,7.825843723277215e-05,0.1179793434118181,4.304541771926567e-05,37.01472442004145
-6.193883884004101,106.95790930369084,0.0360197015106973,7.552926424925078e-05,0.1179897747934832,6.770438002297498e-05,38.25847496032715
-6.193883884004101,106.96689245653202,0.0361311819509251,7.276353183741347e-05,0.1179788905909488,3.743957748770187e-05,44.702386932373045
-6.184900731162906,106.71536417697855,0.0395270097110277,0.00011891684091576395,0.1179973924751275,-8.845763582405307e-06,41.198093795776366
-6.184900731162906,106.72434732981976,0.0393109443025234,0.00012325699358839518,0.1179976524173819,9.677337479899028e-06,36.86199351719448
-6.184900731162906,106.73333048266096,0.0389459734442059,0.00012463624198674723,0.1178420780374525,-2.048821569453709e-05,46.03449408213297
-6.184900731162906,106.74231363550214,0.0387105319172308,0.0001246801766682599,0.1178501599551818,6.307573714052863e-06,45.08892440795898
-6.184900731162906,106.75129678834334,0.0381045952385925,0.00012673767630740716,0.1178791861909493,-7.112919875715162e-06,44.919525146484375
-6.184900731162906,106.76027994118454,0.0382272195307646,0.00013075607877131843,0.1178828558958711,1.5456282011801087e-05,50.17219400405884
-6.184900731162906,106.76926309402572,0.0382272195307646,0.00013075607877131843,0.1178828558958711,1.5456282011801087e-05,46.55585628085666
-6.184900731162906,106.77824624686691,0.038177864352065,0.00013636498626038736,0.1178954014368323,6.927526846989554e-05,45.65572547912598
-6.184900731162906,106.78722939970812,0.0378305111023684,0.00014085008297107108,0.117753825605708,6.585225656646816e-05,49.20511722564697
-6.184900731162906,106.79621255254932,0.0376736736701413,0.00014290212129720108,0.1179681104976461,6.652384647071798e-05,64.23939609527588
-6.184900731162906,106.80519570539052,0.0375746021671891,0.0001453468516031301,0.1180443402100253,5.4594490238932334e-05,50.98341131210327
-6.184900731162906,106.81417885823171,0.0376233365565955,0.00014362332876783476,0.1180460719587309,5.47042683115556e-05,58.93352411148396
-6.184900731162906,106.82316201107292,0.0375215985303341,0.00014288051170288388,0.1179989565687466,6.089971032834742e-05,81.55406409815738
-6.184900731162906,106.83214516391408,0.0375149718553986,0.0001429463784558315,0.1178785820676584,7.104212898351685e-05,98.36508396693638
-6.184900731162906,106.84112831675527,0.0370308822826929,0.00012579524525499331,0.1179936851690736,3.713131465992655e-05,69.38201879947744
-6.184900731162906,106.85011146959648,0.0367277339100617,0.00012301214870853323,0.1179864940091988,2.015559654029953e-05,47.44470634460449
-6.184900731162906,106.85909462243768,0.0367277339100617,0.00012301214870853323,0.1179864940091988,2.015559654029953e-05,45.83245476523599
-6.184900731162906,106.86807777527888,0.036263157708761,0.00012039207855566712,0.11786587694208,5.522679267515475e-05,49.58366117806271
-6.184900731162906,106.87706092812007,0.0367502507580544,0.0001171287219600164,0.1178290419827707,7.640319819997823e-05,45.60833532159979
-6.184900731162906,106.88604408096128,0.0365687124868924,0.00011236545595810746,0.1178398552872716,8.270111887925294e-05,41.14262008666992
-6.184900731162906,106.89502723380248,0.0361981011207114,0.00010648639315396945,0.1178472508227254,5.5851787887480414e-05,40.141869735717776
-6.184900731162906,106.90401038664366,0.0361836195333154,9.804837793323288e-05,0.1178590676505965,5.582274841237324e-05,42.60427522659302
-6.184900731162906,106.91299353948486,0.0362387786098328,9.48095598947057e-05,0.1178569248324854,6.968717120681381e-05,47.464707374572754
-6.184900731162906,106.92197669232606,0.0363219531070749,8.859673077054144e-05,0.1179969341155239,6.777371599503827e-05,48.27760314941406
-6.184900731162906,106.93095984516724,0.0362486677865484,8.109542977769994e-05,0.1179836798949254,6.853160672190403e-05,41.95264728959784
-6.184900731162906,106.93994299800843,0.0362486677865484,8.109542977769994e-05,0.1179836798949254,6.853160672190403e-05,42.3030364457951
-6.184900731162906,106.94892615084964,0.0362628133174778,7.527990237788969e-05,0.1179798998573919,4.9350684630554085e-05,39.530612783229095
-6.184900731162906,106.95790930369084,0.0362327227482286,7.205138648167188e-05,0.1179879324101698,4.016534026591532e-05,39.25564376167629
-6.184900731162906,106.96689245653202,0.0362327231837995,7.054012775804388e-05,0.1179941900478699,3.851069621884234e-05,41.6507218170166
-6.175917578321711,106.69739787129618,0.0387048822265446,0.00011148231185709803,0.1178716042430818,-3.428941067495251e-05,36.33118193490164
-6.175917578321711,106.70638102413736,0.039187546805959,0.00011311145894304368,0.1179743283111874,-3.3742411742097824e-05,42.28738423756191
-6.175917578321711,106.71536417697855,0.0391875473523789,0.00011804384211781876,0.1179707327619006,7.095354703774607e-06,42.44975280761719
-6.175917578321711,106.72434732981976,0.0391558796365738,0.00011976445299561972,0.1179813935587336,6.174636960368147e-06,37.28830909729004
-6.175917578321711,106.73333048266096,0.0391574859653713,0.00012059171901957546,0.1179769476539794,8.57738935893138e-06,40.65797567367554
-6.175917578321711,106.74231363550214,0.0389957632869247,0.00012180434342457886,0.1179793456622542,4.494974740251865e-06,43.3596305847168
-6.175917578321711,106.75129678834334,0.0383816022886514,0.0001268395960530565,0.11797630693121,1.2454897232062587e-05,45.307891845703125
-6.175917578321711,106.76027994118454,0.0384031155276777,0.00012879049465756203,0.1178718129681831,2.2442079290139493e-05,45.60269069671631
-6.175917578321711,106.76926309402572,0.0384031155276777,0.00012879049465756203,0.1178718129681831,2.2442079290139493e-05,46.83154106140137
-6.175917578321711,106.77824624686691,0.038083534975549,0.0001335078569529837,0.1178491813110807,3.838051614653774e-05,47.82553892869216
-6.175917578321711,106.78722939970812,0.0378669284752075,0.00013248973406691138,0.1178465843676389,6.0351476721933066e-05,56.60734589894613
-6.175917578321711,106.79621255254932,0.0377748943865609,0.00013459344889223612,0.1179652593704607,6.535415987230905e-05,58.158763320357714
-6.175917578321711,106.80519570539052,0.0377344668793768,0.0001408534841341957,0.1179814431369667,6.73208680312648e-05,50.06389860673384
-6.175917578321711,106.81417885823171,0.037529040591098,0.00014261239320387893,0.1179672148285184,6.870819941383694e-05,60.31013700697157
-6.175917578321711,106.82316201107292,0.0376949846210487,0.00013549216551170655,0.1179681018346566,6.663690721817717e-05,104.7273675641443
-6.175917578321711,106.83214516391408,0.0370082699982887,0.0001384557336755229,0.1179546199782163,8.051542954495853e-05,110.16536085572962
-6.175917578321711,106.84112831675527,0.0369827615794026,0.0001272625669043817,0.1179665819801768,7.103077538867773e-05,75.3077382405599
-6.175917578321711,106.85011146959648,0.0368685770339908,0.0001236988352110888,0.1179752350080337,6.927123314382797e-05,48.14660208565848
-6.175917578321711,106.85909462243768,0.0368685770339908,0.0001236988352110888,0.1179752350080337,6.927123314382797e-05,47.36890342018821
-6.175917578321711,106.86807777527888,0.0367277339101432,0.00012425266748963533,0.1179739759272572,7.152751641126761e-05,44.1349851257947
-6.175917578321711,106.87706092812007,0.0369915267264432,0.00011693558705675648,0.1179556987748505,6.837950319830064e-05,43.86653151602116
-6.175917578321711,106.88604408096128,0.0367169552457529,0.0001125231839027546,0.1178657994621369,6.784317400627322e-05,43.3326301574707
-6.175917578321711,106.89502723380248,0.0367572918809778,0.00010380757708192774,0.1178743804199076,5.411388763207026e-05,43.65840217394707
-6.175917578321711,106.90401038664366,0.0361889139947504,9.6336678430121e-05,0.1179790948880033,5.5460955528743126e-05,41.589902128492085
-6.175917578321711,106.91299353948486,0.0362410581423277,9.046159614549682e-05,0.1179889899123906,5.598295595784851e-05,46.55388923540507
-6.175917578321711,106.92197669232606,0.0362402045566468,8.678174991876006e-05,0.117986049908829,6.998698496126663e-05,49.05061641492342
-6.175917578321711,106.93095984516724,0.0359894993790092,8.102785250236877e-05,0.1181173636175205,7.109515009736646e-05,41.5488237323183
-6.175917578321711,106.93994299800843,0.0359894993790092,8.102785250236877e-05,0.1181173636175205,7.109515009736646e-05,43.76097106933594
-6.175917578321711,106.94892615084964,0.0359799551776026,7.656195502133215e-05,0.1181141770974885,7.164920466336674e-05,40.286670373410594
-6.175917578321711,106.95790930369084,0.036005980198454,7.197667483972891e-05,0.1179880121877915,5.09948628708647e-05,46.06838928569447
-6.175917578321711,106.96689245653202,0.0357128558015095,6.936539298028237e-05,0.1179899614318564,4.285920974312515e-05,41.58555353904257
-6.166934425480515,106.69739787129618,0.0391605173547827,0.00010958883567894456,0.1179767381026246,4.921518375707413e-06,36.412902287074495
-6.166934425480515,106.70638102413736,0.0394258555025185,0.00011130726476700464,0.1179738607672493,4.2964407836243066e-05,40.11053153446743
-6.166934425480515,106.71536417697855,0.0394857170497325,0.00011307124805164254,0.117968677861127,2.260688615364969e-05,38.57204895019531
-6.166934425480515,106.72434732981976,0.0389695634555909,0.00011344560334684966,0.1179798016819554,2.1202643216941675e-05,39.22907066345215
-6.166934425480515,106.73333048266096,0.0387926124022562,0.00011954878502315984,0.1179811864014332,3.688334789354435e-05,48.14962380619372
-6.166934425480515,106.74231363550214,0.0384229781483409,0.00012011250748487692,0.1179848100860439,2.941225805234325e-05,42.11869812011719
-6.166934425480515,106.75129678834334,0.0381910838281466,0.00012276561519011702,0.1178675107093993,4.478996743270767e-05,48.81065368652344
-6.166934425480515,106.76027994118454,0.0382071263639817,0.00012679117819631858,0.117853880769519,3.519848178260123e-05,52.87494931902204
-6.166934425480515,106.76926309402572,0.0382071263639817,0.00012679117819631858,0.117853880769519,3.519848178260123e-05,50.41327579204853
-6.166934425480515,106.77824624686691,0.038086747646321,0.00013031962967126044,0.1179001994417568,6.783113061335537e-05,51.40018217904227
-6.166934425480515,106.78722939970812,0.03799926737942,0.000130266116011604,0.1178483293555501,6.477131695906293e-05,60.3035405476888
-6.166934425480515,106.79621255254932,0.0379699356360073,0.0001329357684313308,0.1179678202126693,3.5673265761144925e-05,54.994895935058594
-6.166934425480515,106.80519570539052,0.0380839684672413,0.0001353516401501235,0.117966523895236,6.69386237859324e-05,49.88503993641246
-6.166934425480515,106.81417885823171,0.0381401649637041,0.00012904319363266664,0.1179496477970361,6.82853617241073e-05,56.56619834899902
-6.166934425480515,106.82316201107292,0.0378805341051111,0.0001247062248179641,0.1179605848325468,5.389632031638679e-05,90.29688503867702
-6.166934425480515,106.83214516391408,0.0374317292432029,0.00012474706250545852,0.1179516184962717,4.481929789391785e-05,103.34555147771964
-6.166934425480515,106.84112831675527,0.0372615223516799,0.000124537680167857,0.1180342192430763,5.6926471097155206e-05,74.51228911788375
-6.166934425480515,106.85011146959648,0.0370167518655236,0.00012393211532585907,0.1179832029674394,7.061317955739353e-05,48.9100339716131
-6.166934425480515,106.85909462243768,0.0370167518655236,0.00012393211532585907,0.1179832029674394,7.061317955739353e-05,50.57497171255258
-6.166934425480515,106.86807777527888,0.0370119955934433,0.0001211221611336354,0.1179741402347107,7.111330563296988e-05,54.65791148674197
-6.166934425480515,106.87706092812007,0.036979951136565,0.00011225012729141016,0.1179659105041028,6.91779050990425e-05,53.15225386008238
-6.166934425480515,106.88604408096128,0.0369108454746818,0.00010812615073536344,0.1178557651656227,5.1750870625339465e-05,43.77516398710363
-6.166934425480515,106.89502723380248,0.036822148786395,9.97051853674544e-05,0.1179205959695337,6.930546020952866e-05,46.92975588198061
-6.166934425480515,106.90401038664366,0.036739357942826,9.342698865824656e-05,0.1178721108355395,5.571345972016094e-05,43.61470515333762
-6.166934425480515,106.91299353948486,0.0364089049332042,8.859853962364717e-05,0.1179894475065994,5.558567275842488e-05,49.55735475723058
-6.166934425480515,106.92197669232606,0.0358979688018994,8.346209265162264e-05,0.1179838696587468,2.229116260262858e-05,57.57558822631836
-6.166934425480515,106.93095984516724,0.0357497014419643,7.917375322667199e-05,0.1179831248867372,2.437601409960765e-05,49.13606800752528
-6.166934425480515,106.93994299800843,0.0357497014419643,7.917375322667199e-05,0.1179831248867372,2.437601409960765e-05,42.05205965042114
-6.166934425480515,106.94892615084964,0.0357319356438487,7.585552574486027e-05,0.1178753363299656,3.798150991060094e-05,48.797743479410805
-6.166934425480515,106.95790930369084,0.035735318152191,7.19306656935648e-05,0.1179751035489166,4.270052124714499e-05,45.40124899709327
-6.166934425480515,106.96689245653202,0.0356831227796953,6.590242305484102e-05,0.1180019337221178,1.955242924779505e-05,38.34166412353515
-6.15795127263932,106.68841471845498,0.0399405168847896,9.993764251711598e-05,0.1180972119459091,8.523681784414543e-06,38.42384496228448
-6.15795127263932,106.69739787129618,0.0391759622685125,9.989140443313e-05,0.1179791359280674,9.682885275287863e-06,46.95858278379336
-6.15795127263932,106.70638102413736,0.0398139702156512,0.00010173465561378236,0.1179656822889547,8.965055441266756e-06,46.92291259765625
-6.15795127263932,106.71536417697855,0.0392931864286226,0.0001098823122878252,0.1180903097935476,4.698918529047695e-05,45.08427359841087
-6.15795127263932,106.72434732981976,0.0390310537906001,0.00011148431003891389,0.1179551982212686,7.031170594201806e-05,42.33158293224516
-6.15795127263932,106.73333048266096,0.0388174266749605,0.00011584408396784762,0.1179833962051248,4.0430590056797765e-05,47.693175518606594
-6.15795127263932,106.74231363550214,0.0387189483779682,0.00012090561383178637,0.1179786625292193,3.804715155613351e-05,36.30512809753418
-6.15795127263932,106.75129678834334,0.0384350000846111,0.00012262192776152576,0.1178571279016814,6.894468679439354e-05,34.938690757751466
-6.15795127263932,106.76027994118454,0.038687767460974,0.0001228570818024168,0.1178638268476693,3.5829564961818205e-05,37.16722079685756
-6.15795127263932,106.76926309402572,0.038687767460974,0.0001228570818024168,0.1178638268476693,3.5829564961818205e-05,41.44220352172852
-6.15795127263932,106.77824624686691,0.038185956577437,0.00013067450234145517,0.1179649186423008,4.465448000469309e-05,45.37554223196848
-6.15795127263932,106.78722939970812,0.0381716267371473,0.00012594797590274252,0.1179819273960769,5.730625473764085e-05,46.00768116542271
-6.15795127263932,106.79621255254932,0.0379809523001624,0.00013073238714657862,0.1179686053115144,3.64825450935645e-05,42.40652824850643
-6.15795127263932,106.80519570539052,0.0379996789055064,0.0001306030758178305,0.1179721316800011,5.71960369062612e-05,39.84600512186686
-6.15795127263932,106.81417885823171,0.0382284414115575,0.00012077054831315729,0.1179568730295672,3.844752399606529e-05,48.21119842529297
-6.15795127263932,106.82316201107292,0.0378706641495,0.00012280777197671474,0.1179665193007846,6.79186964673217e-05,50.72537682273171
-6.15795127263932,106.83214516391408,0.037457381636872,0.00012308715418863348,0.1179592524581698,6.773057483432213e-05,47.77502950032552
-6.15795127263932,106.84112831675527,0.0369996795363459,0.0001206963825096084,0.1179612441865106,7.02772591851782e-05,51.32772302627564
-6.15795127263932,106.85011146959648,0.0370068899204961,0.00012310072391596993,0.1179744802409781,6.984274427053827e-05,52.80852944510324
-6.15795127263932,106.85909462243768,0.0370068899204961,0.00012310072391596993,0.1179744802409781,6.984274427053827e-05,45.55186429517023
-6.15795127263932,106.86807777527888,0.0367398137062728,0.00011749788948640226,0.1179871718361949,7.004110244817416e-05,43.07576990127564
-6.15795127263932,106.87706092812007,0.036991393668757,0.00011149114466063373,0.11798176253356,8.344150386292683e-05,44.42044102061879
-6.15795127263932,106.88604408096128,0.0367569281548148,0.00010789400790578148,0.1178648484874632,7.0404612739453e-05,49.71403503417969
-6.15795127263932,106.89502723380248,0.036715606227495,9.978366572415044e-05,0.1179285208606177,8.441829370766376e-05,52.16316223144531
-6.15795127263932,106.90401038664366,0.0366221444690586,9.06584828043019e-05,0.1179243582025902,8.198541744231354e-05,51.576622009277344
-6.15795127263932,106.91299353948486,0.0365011500372044,8.273982219818483e-05,0.1179812336468635,7.072096622044668e-05,49.70601940155029
-6.15795127263932,106.92197669232606,0.036267738915976,7.907495995709704e-05,0.1179870987227405,5.312077888830529e-05,42.56871795654297
-6.15795127263932,106.93095984516724,0.0359113804574958,7.73366634237575e-05,0.1179958851338058,3.603642107921816e-05,49.2659854888916
-6.15795127263932,106.93994299800843,0.0359113804574958,7.73366634237575e-05,0.1179958851338058,3.603642107921816e-05,57.01506042480469
-6.15795127263932,106.94892615084964,0.0359915964684237,7.111381182705439e-05,0.1179922374240035,2.8172274596710307e-05,40.59698232014974
-6.15795127263932,106.95790930369084,0.0355806395466289,6.809402705429209e-05,0.1179878251540759,2.0090476866352e-05,37.07033157348633
-6.15795127263932,106.96689245653202,0.0356805194169068,6.64791812671055e-05,0.1178619835552987,7.352133483915416e-06,31.933975302654765
-6.148968119798125,106.68841471845498,0.0391731925022248,9.27589785146774e-05,0.1179809035362523,3.515988467013362e-05,36.60646797180176
-6.148968119798125,106.69739787129618,0.0391613236401697,9.58858260385944e-05,0.1179899571866143,3.9581463042523865e-05,41.07118453979492
-6.148968119798125,106.70638102413736,0.0392584685495877,9.857948014675195e-05,0.1179737840093844,3.861465161764206e-05,41.585524559021
-6.148968119798125,106.71536417697855,0.0391909637881691,0.00010185449241581588,0.1181164518968,5.376046177664169e-05,38.66837425231934
-6.148968119798125,106.72434732981976,0.0390954491229381,0.00010179814944711442,0.1179693542425041,7.123347287807459e-05,38.37742585402269
-6.148968119798125,106.73333048266096,0.0388066846256773,0.00010755788194677624,0.1179637463118105,4.96408677654856e-05,43.37855068006014
-6.148968119798125,106.74231363550214,0.0386755052738775,0.00011150544627981586,0.1178521818761338,3.89851273949206e-05,37.6546875
-6.148968119798125,106.75129678834334,0.0385099448702974,0.00011295566767223388,0.1178551718440988,3.859157556595209e-05,30.55712127685547
-6.148968119798125,106.76027994118454,0.0383719165731864,0.00012102760927715796,0.1178655224475586,1.7884310129889953e-05,32.016410623277935
-6.148968119798125,106.76926309402572,0.0383719165731864,0.00012102760927715796,0.1178655224475586,1.7884310129889953e-05,36.47579376220703
-6.148968119798125,106.77824624686691,0.0384637260311459,0.00012183447506678893,0.1179670881740029,3.492466209421246e-05,46.32941748879173
-6.148968119798125,106.78722939970812,0.0383930914103754,0.0001249510059706821,0.117970937280854,3.485828727786357e-05,45.69259924637644
-6.148968119798125,106.79621255254932,0.0382154671876304,0.00012265135762100149,0.1179755505328468,1.336521710954344e-05,44.5552619934082
-6.148968119798125,106.80519570539052,0.0387202733543184,0.00012138697451751224,0.1179730870269116,2.3860417476205287e-05,48.27047538757324
-6.148968119798125,106.81417885823171,0.0382154665825867,0.00012130988182209194,0.1179773542280546,6.243367139368624e-06,54.34164492289225
-6.148968119798125,106.82316201107292,0.0379428814673502,0.00012082679200133233,0.1179699977980976,3.703989050020389e-05,50.140433918346055
-6.148968119798125,106.83214516391408,0.0374613814056526,0.00011922729666850522,0.1179697763854004,3.9603696020804014e-05,45.57701812965283
-6.148968119798125,106.84112831675527,0.0372359672595688,0.000119059696741206,0.1179670300328061,5.3197609611968346e-05,46.67753601074219
-6.148968119798125,106.85011146959648,0.0367377366528514,0.00011915739400598573,0.117976146341823,5.56546646520496e-05,48.35226058959961
-6.148968119798125,106.85909462243768,0.0367377366528514,0.00011915739400598573,0.117976146341823,5.56546646520496e-05,46.19393634796143
-6.148968119798125,106.86807777527888,0.0367325298570482,0.00011551929919157598,0.1179734733748951,6.227030140409646e-05,44.417431860259086
-6.148968119798125,106.87706092812007,0.0369807647970682,0.00010991821689434938,0.1178493440697395,6.927784223272363e-05,47.6514413376485
-6.148968119798125,106.88604408096128,0.0366750819423131,0.00010411072972855078,0.1178848576065555,6.895464243761608e-05,53.06941604614258
-6.148968119798125,106.89502723380248,0.036669612043775,9.618403989267896e-05,0.1178856344867319,8.321850569157141e-05,52.56710822122139
-6.148968119798125,106.90401038664366,0.0365304350852455,8.86795872549527e-05,0.117924736487836,6.754511310574163e-05,45.95596580505371
-6.148968119798125,106.91299353948486,0.0364962330029505,8.312346666699636e-05,0.1178619171450224,8.439457540267632e-05,43.77292705032061
-6.148968119798125,106.92197669232606,0.0360943898558399,7.932737868076117e-05,0.117989628209087,5.360373095153276e-05,45.540146605609216
-6.148968119798125,106.93095984516724,0.0361282372174968,7.284959282260838e-05,0.1179760171887702,4.285006218624816e-05,48.24660364786784
-6.148968119798125,106.93994299800843,0.0361282372174968,7.284959282260838e-05,0.1179760171887702,4.285006218624816e-05,49.35573196411133
-6.148968119798125,106.94892615084964,0.0360470100892835,7.107425066448616e-05,0.117970232697664,4.572869163366637e-05,28.76723278270048
-6.148968119798125,106.95790930369084,0.0359745392417374,6.594572311157898e-05,0.1178588869640139,2.2480026632070472e-05,26.015317268371582
-6.148968119798125,106.96689245653202,0.0360051853217835,6.226614090915171e-05,0.1178593159855855,1.141716123157453e-05,19.11134654597232
-6.13998496695693,106.69739787129618,0.0389012595018346,9.27096633451022e-05,0.1179869865761608,3.608161216664399e-05,44.21238762140274
-6.13998496695693,106.70638102413736,0.0391522555513646,9.344337311752828e-05,0.1179940001993463,2.174637347070912e-05,43.79617851257324
-6.13998496695693,106.71536417697855,0.0392078709494621,9.456336540143012e-05,0.117994080342971,6.644779201478876e-05,46.4883292388916
-6.13998496695693,106.72434732981976,0.0390753873693346,9.631962097789848e-05,0.1179628074670131,4.379027357115787e-05,46.91538047790527
-6.13998496695693,106.73333048266096,0.0389944307101192,9.991104383596548e-05,0.1179528227283461,3.494847867762717e-05,60.028327396937776
-6.13998496695693,106.74231363550214,0.0386576252691798,0.00010744865730378033,0.117976652090993,3.664906217543331e-05,38.21522576468332
-6.13998496695693,106.75129678834334,0.0386430642661245,0.00011074437582875666,0.1179734254550964,1.7349364394290197e-05,33.048600090874565
-6.13998496695693,106.76027994118454,0.0386547390848268,0.0001119757426407084,0.1179592445202315,2.552367794393156e-05,29.19491688410441
-6.13998496695693,106.76926309402572,0.0386547390848268,0.0001119757426407084,0.1179592445202315,2.552367794393156e-05,35.91790162600004
-6.13998496695693,106.77824624686691,0.0385732587045464,0.0001137424727095748,0.1179684319082453,2.221336614766505e-05,40.64532906668527
-6.13998496695693,106.78722939970812,0.0385600013607725,0.00011417668328234364,0.1179722257682589,2.466585338984607e-05,42.81158447265625
-6.13998496695693,106.79621255254932,0.0385444830986633,0.0001139135135995367,0.1179671871860064,5.245547583846396e-06,44.64944383209827
-6.13998496695693,106.80519570539052,0.0386922774658471,0.00011592588703028852,0.1179728656327691,3.012113032664297e-05,43.16385358922622
-6.13998496695693,106.81417885823171,0.038071833796989,0.0001088977798814782,0.1179783667286711,-1.0038607160141069e-05,61.77935155232748
-6.13998496695693,106.82316201107292,0.0377354382475356,0.00011130347627595104,0.1179731958461985,8.951549458565125e-06,48.852419264773104
-6.13998496695693,106.83214516391408,0.0374613810997297,0.00011320058097228553,0.1180403710863418,1.0517116981973697e-05,50.20367965698242
-6.13998496695693,106.84112831675527,0.037198296801196,0.00011334969025490108,0.1179788981694517,9.722211103294596e-06,41.56147709599248
-6.13998496695693,106.85011146959648,0.0369719555912295,0.0001129390491709391,0.1179825394484453,3.4753021906419527e-05,45.34937782287598
-6.13998496695693,106.85909462243768,0.0369719555912295,0.0001129390491709391,0.1179825394484453,3.4753021906419527e-05,51.915223121643066
-6.13998496695693,106.86807777527888,0.0367262438461446,0.00010804498053040309,0.1179138504274735,5.41709934059484e-05,46.931377757679336
-6.13998496695693,106.87706092812007,0.0366594955950404,0.0001042833826126233,0.1179700946775397,6.891151468999832e-05,55.23583984375
-6.13998496695693,106.88604408096128,0.0366544475157802,9.979886882182453e-05,0.1178723325331193,6.883547916253422e-05,52.35201530456543
-6.13998496695693,106.89502723380248,0.0366978419335306,9.256957047164823e-05,0.1178742352080855,6.924791393529144e-05,52.94339330572831
-6.13998496695693,106.90401038664366,0.0364740613389276,8.284171983774376e-05,0.1178800456331746,6.974194998983287e-05,46.84468490600586
-6.13998496695693,106.91299353948486,0.0362418913720012,7.916378749762546e-05,0.1178867831423658,8.386594317444113e-05,41.84108942205256
-6.13998496695693,106.92197669232606,0.0362355464021607,7.549840712101838e-05,0.117954411230397,7.161905894388117e-05,43.206279098010455
-6.13998496695693,106.93095984516724,0.036016133175827,7.27424597478065e-05,0.1179775693938273,5.386505423561426e-05,50.573768615722656
-6.13998496695693,106.93994299800843,0.036016133175827,7.27424597478065e-05,0.1179775693938273,5.386505423561426e-05,47.38935279846192
-6.13998496695693,106.94892615084964,0.0360642996762686,6.97188118210362e-05,0.1179776671129469,1.9224164567519077e-05,19.88793687025706
-6.13998496695693,106.95790930369084,0.0357612326577416,6.363572902036671e-05,0.1179681746184912,2.206116349876069e-05,19.01287518376889
-6.13998496695693,106.96689245653202,0.0360351879871581,6.136052838484693e-05,0.117849455466504,8.015619596155951e-06,16.4377323648204
-6.131001814115734,106.68841471845498,0.0386120888093532,9.052484906771086e-05,0.1179801433666909,1.6685726954509163e-05,39.07028821049904
-6.131001814115734,106.69739787129618,0.0389012595018346,9.27096633451022e-05,0.1179869865761608,3.608161216664399e-05,40.84934199940074
-6.131001814115734,106.70638102413736,0.0391522555513646,9.344337311752828e-05,0.1179940001993463,2.174637347070912e-05,43.15183274642281
-6.131001814115734,106.71536417697855,0.0392078709494621,9.456336540143012e-05,0.117994080342971,6.644779201478876e-05,43.10834503173828
-6.131001814115734,106.72434732981976,0.0390753873693346,9.631962097789848e-05,0.1179628074670131,4.379027357115787e-05,39.608917236328125
-6.131001814115734,106.73333048266096,0.0389944307101192,9.991104383596548e-05,0.1179528227283461,3.494847867762717e-05,51.04116535186768
-6.131001814115734,106.74231363550214,0.0386576252691798,0.00010744865730378033,0.117976652090993,3.664906217543331e-05,36.60734303792318
-6.131001814115734,106.75129678834334,0.0386430642661245,0.00011074437582875666,0.1179734254550964,1.7349364394290197e-05,40.39392718146829
-6.131001814115734,106.76027994118454,0.0386547390848268,0.0001119757426407084,0.1179592445202315,2.552367794393156e-05,39.43294779459635
-6.131001814115734,106.76926309402572,0.0386547390848268,0.0001119757426407084,0.1179592445202315,2.552367794393156e-05,39.3429069519043
-6.131001814115734,106.77824624686691,0.0385732587045464,0.0001137424727095748,0.1179684319082453,2.221336614766505e-05,42.86446022620568
-6.131001814115734,106.78722939970812,0.0385600013607725,0.00011417668328234364,0.1179722257682589,2.466585338984607e-05,47.82851028442383
-6.131001814115734,106.79621255254932,0.0385444830986633,0.0001139135135995367,0.1179671871860064,5.245547583846396e-06,54.14635952098949
-6.131001814115734,106.80519570539052,0.0386922774658471,0.00011592588703028852,0.1179728656327691,3.012113032664297e-05,58.134010314941406
-6.131001814115734,106.81417885823171,0.038071833796989,0.0001088977798814782,0.1179783667286711,-1.0038607160141069e-05,47.94033338585678
-6.131001814115734,106.82316201107292,0.0377354382475356,0.00011130347627595104,0.1179731958461985,8.951549458565125e-06,38.56892681121826
-6.131001814115734,106.83214516391408,0.0374613810997297,0.00011320058097228553,0.1180403710863418,1.0517116981973697e-05,46.294693211146765
-6.131001814115734,106.84112831675527,0.037198296801196,0.00011334969025490108,0.1179788981694517,9.722211103294596e-06,43.30445979191707
-6.131001814115734,106.85011146959648,0.0369719555912295,0.0001129390491709391,0.1179825394484453,3.4753021906419527e-05,52.61177771432059
-6.131001814115734,106.85909462243768,0.0369719555912295,0.0001129390491709391,0.1179825394484453,3.4753021906419527e-05,53.82397079467773
-6.131001814115734,106.86807777527888,0.0367262438461446,0.00010804498053040309,0.1179138504274735,5.41709934059484e-05,44.82914066314697
-6.131001814115734,106.87706092812007,0.0366594955950404,0.0001042833826126233,0.1179700946775397,6.891151468999832e-05,46.41464506905034
-6.131001814115734,106.88604408096128,0.0366544475157802,9.979886882182453e-05,0.1178723325331193,6.883547916253422e-05,45.120021743774416
-6.131001814115734,106.89502723380248,0.0366978419335306,9.256957047164823e-05,0.1178742352080855,6.924791393529144e-05,50.23220203540944
-6.131001814115734,106.90401038664366,0.0364740613389276,8.284171983774376e-05,0.1178800456331746,6.974194998983287e-05,45.56391716003418
-6.131001814115734,106.91299353948486,0.0362418913720012,7.916378749762546e-05,0.1178867831423658,8.386594317444113e-05,43.03668990789675
-6.131001814115734,106.92197669232606,0.0362355464021607,7.549840712101838e-05,0.117954411230397,7.161905894388117e-05,47.69629741850353
-6.131001814115734,106.93095984516724,0.036016133175827,7.27424597478065e-05,0.1179775693938273,5.386505423561426e-05,53.25732167561849
-6.131001814115734,106.93994299800843,0.036016133175827,7.27424597478065e-05,0.1179775693938273,5.386505423561426e-05,37.307736565085015
-6.131001814115734,106.94892615084964,0.0360642996762686,6.97188118210362e-05,0.1179776671129469,1.9224164567519077e-05,26.204038222630818
-6.131001814115734,106.95790930369084,0.0357612326577416,6.363572902036671e-05,0.1179681746184912,2.206116349876069e-05,19.531165792586958
-6.131001814115734,106.96689245653202,0.0360351879871581,6.136052838484693e-05,0.117849455466504,8.015619596155951e-06,13.079642174091743
-6.122018661274539,106.68841471845498,0.0385283626817586,8.699921949807805e-05,0.1179646920997957,2.802912055841113e-05,32.09372447087215
-6.122018661274539,106.69739787129618,0.038630101829744,8.871505770149104e-05,0.1179757073664725,5.453666129886104e-05,34.11965458209698
-6.122018661274539,106.70638102413736,0.0386476420445299,8.882187542937779e-05,0.1179901005176634,6.975478715895637e-05,35.133535558527164
-6.122018661274539,106.71536417697855,0.0389265685897226,9.055481207298535e-05,0.1178613340225913,8.324381199848892e-05,33.70452880859375
-6.122018661274539,106.72434732981976,0.0389127336576428,9.254785822990296e-05,0.1179833712035837,3.405686220501367e-05,30.526712775230408
-6.122018661274539,106.73333048266096,0.0386513781854322,9.449873523257868e-05,0.1179933683528317,4.470904260442724e-05,38.60792645541105
-6.122018661274539,106.74231363550214,0.038927064986975,9.744426014830489e-05,0.1179612576960809,3.710250726638847e-05,37.60112084282769
-6.122018661274539,106.75129678834334,0.0386843167332012,0.00010211857669243509,0.117982479543552,4.177396026197843e-05,39.645635816786026
-6.122018661274539,106.76027994118454,0.0386722763112162,0.00010439934879410482,0.1179791368509229,4.014390106025187e-05,47.343950271606445
-6.122018661274539,106.76926309402572,0.0386722763112162,0.00010439934879410482,0.1179791368509229,4.014390106025187e-05,57.83232035188593
-6.122018661274539,106.77824624686691,0.0386760841062825,0.00010369435511384432,0.1179667402272756,2.2138940039426767e-05,50.60936737060547
-6.122018661274539,106.78722939970812,0.0386585602536565,0.00010816053007303254,0.1179627843877777,7.098971128415093e-06,46.8694101969401
-6.122018661274539,106.79621255254932,0.0386585602537114,0.00010387756470745205,0.1179724188658132,4.721690391937985e-06,41.02628365341498
-6.122018661274539,106.80519570539052,0.0386756387001159,0.00010359251896563462,0.1179759469952966,7.862535457774437e-06,52.83649635314941
-6.122018661274539,106.81417885823171,0.0382254904412452,9.931095872899364e-05,0.1179654018045389,-8.687971615843674e-06,49.58127530415853
-6.122018661274539,106.82316201107292,0.0379833052849762,0.00010017567487946096,0.1179632036850103,-8.629779609687211e-06,28.84469471807065
-6.122018661274539,106.84112831675527,0.0371646862476544,0.00010014575855018452,0.1179715028393673,2.199243420021151e-05,27.82480335235596
-6.122018661274539,106.85011146959648,0.0369717918667427,0.0001002880193961523,0.1179695446043498,2.28533386576204e-05,48.14025412665473
-6.122018661274539,106.85909462243768,0.0369717918667427,0.0001002880193961523,0.1179695446043498,2.28533386576204e-05,62.842192800421465
-6.122018661274539,106.86807777527888,0.0369563262131001,9.814693004168252e-05,0.1178768046650405,2.802107627956577e-05,46.84107535226004
-6.122018661274539,106.87706092812007,0.0366726820118519,9.605448441769525e-05,0.1179843253315051,5.5150352323752704e-05,44.69704893657139
-6.122018661274539,106.88604408096128,0.0366976121272914,9.28579944875264e-05,0.1178810415476554,5.445647711142281e-05,55.37319628397624
-6.122018661274539,106.89502723380248,0.0365775222845064,8.492823326373031e-05,0.1178694642923945,6.830467359880385e-05,92.27365112304688
-6.122018661274539,106.90401038664366,0.0364437103270974,7.909380098975656e-05,0.1178777188920001,8.407057518415427e-05,44.05420565605164
-6.122018661274539,106.91299353948486,0.0364513695240611,7.516588414280492e-05,0.1178066518750744,8.188930862376878e-05,46.880635579427086
-6.122018661274539,106.92197669232606,0.0363570001354013,7.326688760735326e-05,0.1178733374865948,4.163407605221559e-05,46.86509364925018
-6.122018661274539,106.93095984516724,0.0361281723887394,7.044950507412393e-05,0.1178741250966668,5.487123952204195e-05,45.18766044167912
-6.122018661274539,106.93994299800843,0.0361281723887394,7.044950507412393e-05,0.1178741250966668,5.487123952204195e-05,30.08726643293332
-6.122018661274539,106.94892615084964,0.0355848351056657,6.638668441191834e-05,0.1179812790850832,5.898391482490593e-06,23.41007102803981
-6.122018661274539,106.95790930369084,0.0355314394489422,6.335064244927449e-05,0.1179900672407686,6.604586187072168e-06,22.592553547450475
-6.122018661274539,106.96689245653202,0.0357918668541517,6.145730001055332e-05,0.1178622837099407,8.491381999611477e-06,16.113361176990328
-6.113035508433344,106.69739787129618,0.0387801539153454,8.289515214441917e-05,0.1179192602236889,6.912321409197568e-05,25.844742168079723
-6.113035508433344,106.70638102413736,0.03878861905194,8.522778044081904e-05,0.1178879493588104,8.429535234024462e-05,23.31246757507324
-6.113035508433344,106.71536417697855,0.0386320831830275,8.582381681643037e-05,0.1179536812358695,8.444009736746424e-05,23.94880273607042
-6.113035508433344,106.72434732981976,0.0385083046465692,8.64458804815084e-05,0.1179645086974016,5.334006803042456e-05,24.28079064687093
-6.113035508433344,106.73333048266096,0.038898382213242,9.062603440140304e-05,0.1179728244188845,5.367312873661864e-05,29.57402992248535
-6.113035508433344,106.74231363550214,0.0388525649904936,9.093423619769546e-05,0.1178547574531408,5.220573696396429e-05,65.09148583045372
-6.113035508433344,106.75129678834334,0.0388525649904936,9.488545703060792e-05,0.1178624482468828,5.279675663864789e-05,53.648401148179
-6.113035508433344,106.76027994118454,0.0388668309897468,9.639014884650624e-05,0.1178787593159479,5.091709317643197e-05,48.84078750610352
-6.113035508433344,106.76926309402572,0.0388668309897468,9.639014884650624e-05,0.1178787593159479,5.091709317643197e-05,54.33963678533381
-6.113035508433344,106.77824624686691,0.038643678704869,9.633008639639323e-05,0.1178776419428371,4.19471784331457e-05,79.30077856445313
-6.113035508433344,106.78722939970812,0.0387741689528818,9.636055634863547e-05,0.117962030320988,3.590583611807724e-05,82.11529708490139
-6.113035508433344,106.79621255254932,0.0389671754438944,9.627585838506852e-05,0.1179698108055965,5.525993532480897e-06,35.82758105428595
-6.113035508433344,106.80519570539052,0.0386441682410215,9.37395963938686e-05,0.117974660145988,-4.417929381414738e-06,30.14794540405273
-6.113035508433344,106.85909462243768,0.0371999817810782,9.120147106121668e-05,0.1179832616971559,5.189935958086972e-05,67.78042602539062
-6.113035508433344,106.86807777527888,0.037201083571043,9.055087863002216e-05,0.1179851517080447,3.506927442731252e-05,80.712159187563
-6.113035508433344,106.87706092812007,0.0369717915127759,8.870266172514875e-05,0.1179695063994816,5.364798471422834e-05,75.05550833309398
-6.113035508433344,106.88604408096128,0.0369717912957996,8.677921464453261e-05,0.1178729099926588,5.661131918998402e-05,76.19718574075138
-6.113035508433344,106.89502723380248,0.036445412059549,8.104433315130036e-05,0.1178622269893026,6.973072836873495e-05,72.7557021247016
-6.113035508433344,106.90401038664366,0.0365650991367898,7.714556839986314e-05,0.1178718686825719,8.37938048305501e-05,70.94261573342716
-6.113035508433344,106.91299353948486,0.0364708609662035,7.335894315528487e-05,0.117922476076021,8.361360856448315e-05,59.65247421264648
-6.113035508433344,106.92197669232606,0.0364235322923025,6.989278882833669e-05,0.117887896780305,8.120959428108243e-05,54.70603773328993
-6.113035508433344,106.93095984516724,0.0364349206110773,6.533809588506073e-05,0.1179718289116222,8.12869089176888e-05,42.18686029646132
-6.113035508433344,106.93994299800843,0.0364349206110773,6.533809588506073e-05,0.1179718289116222,8.12869089176888e-05,40.625654220581055
-6.113035508433344,106.94892615084964,0.0362235420532385,6.358595672942844e-05,0.1179758792365101,3.150094697317638e-05,39.829368591308594
-6.113035508433344,106.95790930369084,0.0361582851544951,6.0511916655627e-05,0.1178695021336069,7.393460530509386e-06,24.45214691162109
-6.113035508433344,106.96689245653202,0.0358471185716631,5.994569702687675e-05,0.1178375251777617,8.257196546024543e-06,20.162729940916364
-6.104052355592149,106.69739787129618,0.038930206163589,7.857306809095478e-05,0.1179512740687512,6.501108388567787e-05,27.985968421487247
-6.104052355592149,106.70638102413736,0.0389182824920493,7.970079990177723e-05,0.1178594057759616,6.501108388577024e-05,25.06159257888794
-6.104052355592149,106.71536417697855,0.0389231280545845,8.053227720687746e-05,0.1179729630708864,8.380407962072998e-05,24.79917812347412
-6.104052355592149,106.72434732981976,0.0388976030875486,8.072017795219867e-05,0.1179628028358272,7.277860295031369e-05,23.14491469399971
-6.104052355592149,106.73333048266096,0.0393573225443971,8.321112235662472e-05,0.1179711340903788,8.421901026321138e-05,24.077171325683597
-6.104052355592149,106.74231363550214,0.0388525649904971,8.338005408665729e-05,0.1179854170248026,6.133702219839358e-05,50.61835432052612
-6.104052355592149,106.75129678834334,0.0388692868899282,8.560208048405795e-05,0.1179803189206507,3.75882465834484e-05,38.1061045328776
-6.104052355592149,106.79621255254932,0.0390316409679924,8.896718810564033e-05,0.1179762455772408,2.287886807198619e-05,30.84608832070994
-6.104052355592149,106.87706092812007,0.0372010830866476,8.430945935175762e-05,0.1179334927280759,5.551366980312645e-05,104.70724995930988
-6.104052355592149,106.88604408096128,0.0369648014047879,7.871836351127078e-05,0.1179784749186168,3.7047478010989406e-05,126.55185606041734
-6.104052355592149,106.89502723380248,0.0365581171993474,7.542978034570675e-05,0.1178649741805417,7.810161845698994e-05,157.23530718485517
-6.104052355592149,106.90401038664366,0.0367203376512223,7.044788071643015e-05,0.1178624615071554,9.086043098173836e-05,152.43487823986615
-6.104052355592149,106.91299353948486,0.0364235320952017,6.746963812900713e-05,0.1179678611751315,9.873894728050564e-05,138.75400503058182
-6.104052355592149,106.92197669232606,0.036423532466711,6.535027656960407e-05,0.1179877661606157,8.070932766152429e-05,76.63058144705636
-6.104052355592149,106.93095984516724,0.0364666783023418,6.167869931496495e-05,0.1180001755219298,8.414843651670968e-05,44.481085160199335
-6.104052355592149,106.93994299800843,0.0364666783023418,6.167869931496495e-05,0.1180001755219298,8.414843651670968e-05,48.201934814453125
-6.104052355592149,106.94892615084964,0.0362042031289662,5.952576503437209e-05,0.1180100078824348,7.237050886028758e-05,41.79482856163612
-6.104052355592149,106.95790930369084,0.0363644027959288,5.852326924734707e-05,0.1180161948231089,6.0893262673985815e-06,32.97379302978516
-6.104052355592149,106.96689245653202,0.036437050538108,5.778934656957189e-05,0.1178545625307304,3.4064188284081392e-06,25.718716939290363
-6.095069202750953,106.70638102413736,0.0388659472303311,7.497980180048662e-05,0.1179761340033122,9.721605378101303e-05,32.363892691476
-6.095069202750953,106.71536417697855,0.0385352633893258,7.64050111460793e-05,0.1179696887633911,8.19171700876806e-05,26.86969196796417
-6.095069202750953,106.72434732981976,0.0386726184332023,7.662580420871013e-05,0.117982961707547,8.660689854872801e-05,21.22414752415248
-6.095069202750953,106.73333048266096,0.0388709500486802,7.757581849147946e-05,0.1179826417321529,9.925747570051082e-05,27.844401359558105
-6.095069202750953,106.74231363550214,0.0389830209314589,7.682391876018958e-05,0.1179919599585951,0.00010144113912241032,88.77629852294922
-6.095069202750953,106.75129678834334,0.0388525649904971,7.593151894975551e-05,0.1179932585236108,8.347754561669598e-05,29.417320092519123
-6.086086049909758,106.73333048266096,0.0387003375947939,7.282968684020506e-05,0.1179752526565856,9.746865355323515e-05,36.63184415377104
-6.086086049909758,106.75129678834334,0.0385046989464738,7.372651182363522e-05,0.1178463163465975,0.00010071916030828734,19.056543350219727
-6.077102897068563,106.75129678834334,0.0389844046640013,6.760418682256818e-05,0.1179723500051354,8.304334864809543e-05,7.276807633313266
