lat,lon,predicted_class,predicted_label
-6.36456378798681,106.88604408096128,2,UNHEALTHY
-6.36456378798681,106.89502723380248,1,MEDIUM
-6.36456378798681,106.91299353948486,2,UNHEALTHY
-6.355580635145615,106.79621255254932,2,UNHEALTHY
-6.355580635145615,106.80519570539052,1,MEDIUM
-6.355580635145615,106.81417885823171,2,UNHEALTHY
-6.355580635145615,106.82316201107292,1,MEDIUM
-6.355580635145615,106.87706092812007,2,UNHEALTHY
-6.355580635145615,106.88604408096128,1,MEDIUM
-6.355580635145615,106.89502723380248,1,MEDIUM
-6.355580635145615,106.90401038664366,1,MEDIUM
-6.355580635145615,106.91299353948486,1,MEDIUM
-6.34659748230442,106.79621255254932,1,MEDIUM
-6.34659748230442,106.80519570539052,1,MEDIUM
-6.34659748230442,106.81417885823171,0,GOOD
-6.34659748230442,106.82316201107292,0,GOOD
-6.34659748230442,106.83214516391408,2,UNHEALTHY
-6.34659748230442,106.85909462243768,2,UNHEALTHY
-6.34659748230442,106.86807777527888,2,UNHEALTHY
-6.34659748230442,106.87706092812007,1,MEDIUM
-6.34659748230442,106.88604408096128,1,MEDIUM
-6.34659748230442,106.89502723380248,1,MEDIUM
-6.34659748230442,106.90401038664366,2,UNHEALTHY
-6.34659748230442,106.91299353948486,2,UNHEALTHY
-6.337614329463224,106.80519570539052,0,GOOD
-6.337614329463224,106.81417885823171,2,UNHEALTHY
-6.337614329463224,106.82316201107292,2,UNHEALTHY
-6.337614329463224,106.83214516391408,1,MEDIUM
-6.337614329463224,106.84112831675527,2,UNHEALTHY
-6.337614329463224,106.85011146959648,2,UNHEALTHY
-6.337614329463224,106.85909462243768,2,UNHEALTHY
-6.337614329463224,106.86807777527888,1,MEDIUM
-6.337614329463224,106.87706092812007,2,UNHEALTHY
-6.337614329463224,106.88604408096128,2,UNHEALTHY
-6.337614329463224,106.89502723380248,0,GOOD
-6.337614329463224,106.90401038664366,1,MEDIUM
-6.337614329463224,106.91299353948486,1,MEDIUM
-6.32863117662203,106.80519570539052,2,UNHEALTHY
-6.32863117662203,106.81417885823171,2,UNHEALTHY
-6.32863117662203,106.82316201107292,2,UNHEALTHY
-6.32863117662203,106.83214516391408,2,UNHEALTHY
-6.32863117662203,106.84112831675527,2,UNHEALTHY
-6.32863117662203,106.85011146959648,2,UNHEALTHY
-6.32863117662203,106.85909462243768,2,UNHEALTHY
-6.32863117662203,106.86807777527888,2,UNHEALTHY
-6.32863117662203,106.87706092812007,2,UNHEALTHY
-6.32863117662203,106.88604408096128,2,UNHEALTHY
-6.32863117662203,106.89502723380248,1,MEDIUM
-6.32863117662203,106.90401038664366,2,UNHEALTHY
-6.32863117662203,106.91299353948486,0,GOOD
-6.319648023780834,106.81417885823171,2,UNHEALTHY
-6.319648023780834,106.82316201107292,2,UNHEALTHY
-6.319648023780834,106.83214516391408,1,MEDIUM
-6.319648023780834,106.84112831675527,2,UNHEALTHY
-6.319648023780834,106.85011146959648,2,UNHEALTHY
-6.319648023780834,106.85909462243768,2,UNHEALTHY
-6.319648023780834,106.86807777527888,2,UNHEALTHY
-6.319648023780834,106.87706092812007,2,UNHEALTHY
-6.319648023780834,106.88604408096128,1,MEDIUM
-6.319648023780834,106.89502723380248,0,GOOD
-6.319648023780834,106.90401038664366,1,MEDIUM
-6.319648023780834,106.91299353948486,2,UNHEALTHY
-6.310664870939639,106.77824624686691,2,UNHEALTHY
-6.310664870939639,106.78722939970812,2,UNHEALTHY
-6.310664870939639,106.79621255254932,1,MEDIUM
-6.310664870939639,106.80519570539052,0,GOOD
-6.310664870939639,106.81417885823171,2,UNHEALTHY
-6.310664870939639,106.82316201107292,2,UNHEALTHY
-6.310664870939639,106.83214516391408,1,MEDIUM
-6.310664870939639,106.84112831675527,2,UNHEALTHY
-6.310664870939639,106.85011146959648,2,UNHEALTHY
-6.310664870939639,106.85909462243768,2,UNHEALTHY
-6.310664870939639,106.86807777527888,1,MEDIUM
-6.310664870939639,106.87706092812007,1,MEDIUM
-6.310664870939639,106.88604408096128,1,MEDIUM
-6.310664870939639,106.89502723380248,1,MEDIUM
-6.310664870939639,106.90401038664366,2,UNHEALTHY
-6.310664870939639,106.91299353948486,2,UNHEALTHY
-6.301681718098443,106.77824624686691,0,GOOD
-6.301681718098443,106.78722939970812,1,MEDIUM
-6.301681718098443,106.79621255254932,0,GOOD
-6.301681718098443,106.80519570539052,2,UNHEALTHY
-6.301681718098443,106.81417885823171,2,UNHEALTHY
-6.301681718098443,106.82316201107292,1,MEDIUM
-6.301681718098443,106.83214516391408,2,UNHEALTHY
-6.301681718098443,106.84112831675527,1,MEDIUM
-6.301681718098443,106.85011146959648,1,MEDIUM
-6.301681718098443,106.85909462243768,1,MEDIUM
-6.301681718098443,106.86807777527888,1,MEDIUM
-6.301681718098443,106.87706092812007,1,MEDIUM
-6.301681718098443,106.88604408096128,1,MEDIUM
-6.301681718098443,106.89502723380248,2,UNHEALTHY
-6.301681718098443,106.90401038664366,2,UNHEALTHY
-6.301681718098443,106.91299353948486,1,MEDIUM
-6.292698565257249,106.76926309402572,1,MEDIUM
-6.292698565257249,106.77824624686691,0,GOOD
-6.292698565257249,106.78722939970812,1,MEDIUM
-6.292698565257249,106.79621255254932,2,UNHEALTHY
-6.292698565257249,106.80519570539052,1,MEDIUM
-6.292698565257249,106.81417885823171,1,MEDIUM
-6.292698565257249,106.82316201107292,1,MEDIUM
-6.292698565257249,106.83214516391408,0,GOOD
-6.292698565257249,106.84112831675527,0,GOOD
-6.292698565257249,106.85011146959648,2,UNHEALTHY
-6.292698565257249,106.85909462243768,2,UNHEALTHY
-6.292698565257249,106.86807777527888,1,MEDIUM
-6.292698565257249,106.87706092812007,1,MEDIUM
-6.292698565257249,106.88604408096128,1,MEDIUM
-6.292698565257249,106.89502723380248,2,UNHEALTHY
-6.292698565257249,106.90401038664366,1,MEDIUM
-6.283715412416053,106.76027994118454,2,UNHEALTHY
-6.283715412416053,106.76926309402572,2,UNHEALTHY
-6.283715412416053,106.77824624686691,1,MEDIUM
-6.283715412416053,106.78722939970812,2,UNHEALTHY
-6.283715412416053,106.79621255254932,0,GOOD
-6.283715412416053,106.80519570539052,1,MEDIUM
-6.283715412416053,106.81417885823171,0,GOOD
-6.283715412416053,106.82316201107292,2,UNHEALTHY
-6.283715412416053,106.83214516391408,0,GOOD
-6.283715412416053,106.84112831675527,1,MEDIUM
-6.283715412416053,106.85011146959648,1,MEDIUM
-6.283715412416053,106.85909462243768,1,MEDIUM
-6.283715412416053,106.86807777527888,1,MEDIUM
-6.283715412416053,106.87706092812007,0,GOOD
-6.283715412416053,106.88604408096128,1,MEDIUM
-6.283715412416053,106.89502723380248,1,MEDIUM
-6.283715412416053,106.90401038664366,2,UNHEALTHY
-6.274732259574858,106.76027994118454,2,UNHEALTHY
-6.274732259574858,106.76926309402572,1,MEDIUM
-6.274732259574858,106.77824624686691,0,GOOD
-6.274732259574858,106.78722939970812,0,GOOD
-6.274732259574858,106.79621255254932,1,MEDIUM
-6.274732259574858,106.80519570539052,0,GOOD
-6.274732259574858,106.81417885823171,0,GOOD
-6.274732259574858,106.82316201107292,1,MEDIUM
-6.274732259574858,106.83214516391408,1,MEDIUM
-6.274732259574858,106.84112831675527,0,GOOD
-6.274732259574858,106.85011146959648,2,UNHEALTHY
-6.274732259574858,106.85909462243768,1,MEDIUM
-6.274732259574858,106.86807777527888,1,MEDIUM
-6.274732259574858,106.87706092812007,1,MEDIUM
-6.274732259574858,106.88604408096128,2,UNHEALTHY
-6.274732259574858,106.89502723380248,1,MEDIUM
-6.274732259574858,106.90401038664366,2,UNHEALTHY
-6.265749106733662,106.75129678834334,2,UNHEALTHY
-6.265749106733662,106.76027994118454,1,MEDIUM
-6.265749106733662,106.76926309402572,1,MEDIUM
-6.265749106733662,106.77824624686691,1,MEDIUM
-6.265749106733662,106.78722939970812,1,MEDIUM
-6.265749106733662,106.79621255254932,1,MEDIUM
-6.265749106733662,106.80519570539052,0,GOOD
-6.265749106733662,106.81417885823171,1,MEDIUM
-6.265749106733662,106.82316201107292,2,UNHEALTHY
-6.265749106733662,106.83214516391408,1,MEDIUM
-6.265749106733662,106.84112831675527,1,MEDIUM
-6.265749106733662,106.85011146959648,0,GOOD
-6.265749106733662,106.85909462243768,1,MEDIUM
-6.265749106733662,106.86807777527888,0,GOOD
-6.265749106733662,106.87706092812007,0,GOOD
-6.265749106733662,106.88604408096128,1,MEDIUM
-6.265749106733662,106.89502723380248,2,UNHEALTHY
-6.265749106733662,106.90401038664366,1,MEDIUM
-6.256765953892468,106.76027994118454,1,MEDIUM
-6.256765953892468,106.76926309402572,0,GOOD
-6.256765953892468,106.77824624686691,1,MEDIUM
-6.256765953892468,106.78722939970812,0,GOOD
-6.256765953892468,106.79621255254932,1,MEDIUM
-6.256765953892468,106.80519570539052,1,MEDIUM
-6.256765953892468,106.81417885823171,1,MEDIUM
-6.256765953892468,106.82316201107292,0,GOOD
-6.256765953892468,106.83214516391408,1,MEDIUM
-6.256765953892468,106.84112831675527,1,MEDIUM
-6.256765953892468,106.85011146959648,0,GOOD
-6.256765953892468,106.85909462243768,0,GOOD
-6.256765953892468,106.86807777527888,0,GOOD
-6.256765953892468,106.87706092812007,1,MEDIUM
-6.256765953892468,106.88604408096128,2,UNHEALTHY
-6.256765953892468,106.89502723380248,2,UNHEALTHY
-6.256765953892468,106.90401038664366,1,MEDIUM
-6.256765953892468,106.91299353948486,1,MEDIUM
-6.247782801051272,106.75129678834334,2,UNHEALTHY
-6.247782801051272,106.76027994118454,2,UNHEALTHY
-6.247782801051272,106.76926309402572,2,UNHEALTHY
-6.247782801051272,106.77824624686691,1,MEDIUM
-6.247782801051272,106.78722939970812,1,MEDIUM
-6.247782801051272,106.79621255254932,1,MEDIUM
-6.247782801051272,106.80519570539052,1,MEDIUM
-6.247782801051272,106.81417885823171,1,MEDIUM
-6.247782801051272,106.82316201107292,0,GOOD
-6.247782801051272,106.83214516391408,0,GOOD
-6.247782801051272,106.84112831675527,0,GOOD
-6.247782801051272,106.85011146959648,1,MEDIUM
-6.247782801051272,106.85909462243768,1,MEDIUM
-6.247782801051272,106.86807777527888,1,MEDIUM
-6.247782801051272,106.87706092812007,1,MEDIUM
-6.247782801051272,106.88604408096128,1,MEDIUM
-6.247782801051272,106.89502723380248,1,MEDIUM
-6.247782801051272,106.90401038664366,2,UNHEALTHY
-6.247782801051272,106.91299353948486,1,MEDIUM
-6.247782801051272,106.92197669232606,1,MEDIUM
-6.247782801051272,106.93095984516724,1,MEDIUM
-6.247782801051272,106.93994299800843,1,MEDIUM
-6.238799648210077,106.75129678834334,1,MEDIUM
-6.238799648210077,106.76027994118454,1,MEDIUM
-6.238799648210077,106.76926309402572,1,MEDIUM
-6.238799648210077,106.77824624686691,0,GOOD
-6.238799648210077,106.78722939970812,1,MEDIUM
-6.238799648210077,106.79621255254932,1,MEDIUM
-6.238799648210077,106.80519570539052,0,GOOD
-6.238799648210077,106.81417885823171,1,MEDIUM
-6.238799648210077,106.82316201107292,1,MEDIUM
-6.238799648210077,106.83214516391408,1,MEDIUM
-6.238799648210077,106.84112831675527,1,MEDIUM
-6.238799648210077,106.85011146959648,1,MEDIUM
-6.238799648210077,106.85909462243768,1,MEDIUM
-6.238799648210077,106.86807777527888,0,GOOD
-6.238799648210077,106.87706092812007,1,MEDIUM
-6.238799648210077,106.88604408096128,0,GOOD
-6.238799648210077,106.89502723380248,2,UNHEALTHY
-6.238799648210077,106.90401038664366,1,MEDIUM
-6.238799648210077,106.91299353948486,0,GOOD
-6.238799648210077,106.92197669232606,0,GOOD
-6.238799648210077,106.93095984516724,1,MEDIUM
-6.238799648210077,106.93994299800843,1,MEDIUM
-6.2298164953688815,106.74231363550214,2,UNHEALTHY
-6.2298164953688815,106.75129678834334,2,UNHEALTHY
-6.2298164953688815,106.76027994118454,1,MEDIUM
-6.2298164953688815,106.76926309402572,1,MEDIUM
-6.2298164953688815,106.77824624686691,1,MEDIUM
-6.2298164953688815,106.78722939970812,1,MEDIUM
-6.2298164953688815,106.79621255254932,0,GOOD
-6.2298164953688815,106.80519570539052,2,UNHEALTHY
-6.2298164953688815,106.81417885823171,2,UNHEALTHY
-6.2298164953688815,106.82316201107292,0,GOOD
-6.2298164953688815,106.83214516391408,1,MEDIUM
-6.2298164953688815,106.84112831675527,1,MEDIUM
-6.2298164953688815,106.85011146959648,1,MEDIUM
-6.2298164953688815,106.85909462243768,1,MEDIUM
-6.2298164953688815,106.86807777527888,1,MEDIUM
-6.2298164953688815,106.87706092812007,1,MEDIUM
-6.2298164953688815,106.88604408096128,1,MEDIUM
-6.2298164953688815,106.89502723380248,0,GOOD
-6.2298164953688815,106.90401038664366,1,MEDIUM
-6.2298164953688815,106.91299353948486,1,MEDIUM
-6.2298164953688815,106.92197669232606,1,MEDIUM
-6.2298164953688815,106.93095984516724,1,MEDIUM
-6.2298164953688815,106.93994299800843,1,MEDIUM
-6.220833342527687,106.72434732981976,2,UNHEALTHY
-6.220833342527687,106.73333048266096,1,MEDIUM
-6.220833342527687,106.74231363550214,1,MEDIUM
-6.220833342527687,106.75129678834334,1,MEDIUM
-6.220833342527687,106.76027994118454,1,MEDIUM
-6.220833342527687,106.76926309402572,0,GOOD
-6.220833342527687,106.77824624686691,1,MEDIUM
-6.220833342527687,106.78722939970812,1,MEDIUM
-6.220833342527687,106.79621255254932,1,MEDIUM
-6.220833342527687,106.80519570539052,1,MEDIUM
-6.220833342527687,106.81417885823171,1,MEDIUM
-6.220833342527687,106.82316201107292,0,GOOD
-6.220833342527687,106.83214516391408,0,GOOD
-6.220833342527687,106.84112831675527,1,MEDIUM
-6.220833342527687,106.85011146959648,1,MEDIUM
-6.220833342527687,106.85909462243768,2,UNHEALTHY
-6.220833342527687,106.86807777527888,1,MEDIUM
-6.220833342527687,106.87706092812007,0,GOOD
-6.220833342527687,106.88604408096128,1,MEDIUM
-6.220833342527687,106.89502723380248,1,MEDIUM
-6.220833342527687,106.90401038664366,1,MEDIUM
-6.220833342527687,106.91299353948486,1,MEDIUM
-6.220833342527687,106.92197669232606,0,GOOD
-6.220833342527687,106.93095984516724,1,MEDIUM
-6.220833342527687,106.93994299800843,0,GOOD
-6.220833342527687,106.94892615084964,1,MEDIUM
-6.211850189686492,106.72434732981976,2,UNHEALTHY
-6.211850189686492,106.73333048266096,1,MEDIUM
-6.211850189686492,106.74231363550214,1,MEDIUM
-6.211850189686492,106.75129678834334,1,MEDIUM
-6.211850189686492,106.76027994118454,2,UNHEALTHY
-6.211850189686492,106.76926309402572,1,MEDIUM
-6.211850189686492,106.77824624686691,1,MEDIUM
-6.211850189686492,106.78722939970812,1,MEDIUM
-6.211850189686492,106.79621255254932,1,MEDIUM
-6.211850189686492,106.80519570539052,2,UNHEALTHY
-6.211850189686492,106.81417885823171,1,MEDIUM
-6.211850189686492,106.82316201107292,1,MEDIUM
-6.211850189686492,106.83214516391408,1,MEDIUM
-6.211850189686492,106.84112831675527,1,MEDIUM
-6.211850189686492,106.85011146959648,1,MEDIUM
-6.211850189686492,106.85909462243768,1,MEDIUM
-6.211850189686492,106.86807777527888,1,MEDIUM
-6.211850189686492,106.87706092812007,2,UNHEALTHY
-6.211850189686492,106.88604408096128,0,GOOD
-6.211850189686492,106.89502723380248,1,MEDIUM
-6.211850189686492,106.90401038664366,0,GOOD
-6.211850189686492,106.91299353948486,0,GOOD
-6.211850189686492,106.92197669232606,1,MEDIUM
-6.211850189686492,106.93095984516724,1,MEDIUM
-6.211850189686492,106.93994299800843,1,MEDIUM
-6.211850189686492,106.94892615084964,2,UNHEALTHY
-6.211850189686492,106.95790930369084,1,MEDIUM
-6.202867036845296,106.72434732981976,1,MEDIUM
-6.202867036845296,106.73333048266096,1,MEDIUM
-6.202867036845296,106.74231363550214,2,UNHEALTHY
-6.202867036845296,106.75129678834334,1,MEDIUM
-6.202867036845296,106.76027994118454,0,GOOD
-6.202867036845296,106.76926309402572,1,MEDIUM
-6.202867036845296,106.77824624686691,1,MEDIUM
-6.202867036845296,106.78722939970812,1,MEDIUM
-6.202867036845296,106.79621255254932,1,MEDIUM
-6.202867036845296,106.80519570539052,1,MEDIUM
-6.202867036845296,106.81417885823171,1,MEDIUM
-6.202867036845296,106.82316201107292,1,MEDIUM
-6.202867036845296,106.83214516391408,1,MEDIUM
-6.202867036845296,106.84112831675527,1,MEDIUM
-6.202867036845296,106.85011146959648,1,MEDIUM
-6.202867036845296,106.85909462243768,1,MEDIUM
-6.202867036845296,106.86807777527888,0,GOOD
-6.202867036845296,106.87706092812007,1,MEDIUM
-6.202867036845296,106.88604408096128,1,MEDIUM
-6.202867036845296,106.89502723380248,2,UNHEALTHY
-6.202867036845296,106.90401038664366,2,UNHEALTHY
-6.202867036845296,106.91299353948486,1,MEDIUM
-6.202867036845296,106.92197669232606,1,MEDIUM
-6.202867036845296,106.93095984516724,1,MEDIUM
-6.202867036845296,106.93994299800843,1,MEDIUM
-6.202867036845296,106.94892615084964,0,GOOD
-6.202867036845296,106.95790930369084,1,MEDIUM
-6.193883884004101,106.72434732981976,2,UNHEALTHY
-6.193883884004101,106.73333048266096,1,MEDIUM
-6.193883884004101,106.74231363550214,1,MEDIUM
-6.193883884004101,106.75129678834334,1,MEDIUM
-6.193883884004101,106.76027994118454,1,MEDIUM
-6.193883884004101,106.76926309402572,1,MEDIUM
-6.193883884004101,106.77824624686691,2,UNHEALTHY
-6.193883884004101,106.78722939970812,2,UNHEALTHY
-6.193883884004101,106.79621255254932,1,MEDIUM
-6.193883884004101,106.80519570539052,1,MEDIUM
-6.193883884004101,106.81417885823171,2,UNHEALTHY
-6.193883884004101,106.82316201107292,1,MEDIUM
-6.193883884004101,106.83214516391408,1,MEDIUM
-6.193883884004101,106.84112831675527,1,MEDIUM
-6.193883884004101,106.85011146959648,1,MEDIUM
-6.193883884004101,106.85909462243768,1,MEDIUM
-6.193883884004101,106.86807777527888,1,MEDIUM
-6.193883884004101,106.87706092812007,1,MEDIUM
-6.193883884004101,106.88604408096128,1,MEDIUM
-6.193883884004101,106.89502723380248,1,MEDIUM
-6.193883884004101,106.90401038664366,1,MEDIUM
-6.193883884004101,106.91299353948486,2,UNHEALTHY
-6.193883884004101,106.92197669232606,1,MEDIUM
-6.193883884004101,106.93095984516724,1,MEDIUM
-6.193883884004101,106.93994299800843,1,MEDIUM
-6.193883884004101,106.94892615084964,1,MEDIUM
-6.193883884004101,106.95790930369084,1,MEDIUM
-6.193883884004101,106.96689245653202,1,MEDIUM
-6.184900731162906,106.71536417697855,1,MEDIUM
-6.184900731162906,106.72434732981976,2,UNHEALTHY
-6.184900731162906,106.73333048266096,1,MEDIUM
-6.184900731162906,106.74231363550214,1,MEDIUM
-6.184900731162906,106.75129678834334,1,MEDIUM
-6.184900731162906,106.76027994118454,1,MEDIUM
-6.184900731162906,106.76926309402572,1,MEDIUM
-6.184900731162906,106.77824624686691,1,MEDIUM
-6.184900731162906,106.78722939970812,1,MEDIUM
-6.184900731162906,106.79621255254932,1,MEDIUM
-6.184900731162906,106.80519570539052,2,UNHEALTHY
-6.184900731162906,106.81417885823171,1,MEDIUM
-6.184900731162906,106.82316201107292,1,MEDIUM
-6.184900731162906,106.83214516391408,1,MEDIUM
-6.184900731162906,106.84112831675527,1,MEDIUM
-6.184900731162906,106.85011146959648,1,MEDIUM
-6.184900731162906,106.85909462243768,1,MEDIUM
-6.184900731162906,106.86807777527888,1,MEDIUM
-6.184900731162906,106.87706092812007,1,MEDIUM
-6.184900731162906,106.88604408096128,1,MEDIUM
-6.184900731162906,106.89502723380248,1,MEDIUM
-6.184900731162906,106.90401038664366,1,MEDIUM
-6.184900731162906,106.91299353948486,1,MEDIUM
-6.184900731162906,106.92197669232606,1,MEDIUM
-6.184900731162906,106.93095984516724,0,GOOD
-6.184900731162906,106.93994299800843,1,MEDIUM
-6.184900731162906,106.94892615084964,2,UNHEALTHY
-6.184900731162906,106.95790930369084,0,GOOD
-6.184900731162906,106.96689245653202,1,MEDIUM
-6.175917578321711,106.69739787129618,1,MEDIUM
-6.175917578321711,106.70638102413736,1,MEDIUM
-6.175917578321711,106.71536417697855,1,MEDIUM
-6.175917578321711,106.72434732981976,2,UNHEALTHY
-6.175917578321711,106.73333048266096,1,MEDIUM
-6.175917578321711,106.74231363550214,0,GOOD
-6.175917578321711,106.75129678834334,0,GOOD
-6.175917578321711,106.76027994118454,0,GOOD
-6.175917578321711,106.76926309402572,1,MEDIUM
-6.175917578321711,106.77824624686691,1,MEDIUM
-6.175917578321711,106.78722939970812,1,MEDIUM
-6.175917578321711,106.79621255254932,1,MEDIUM
-6.175917578321711,106.80519570539052,1,MEDIUM
-6.175917578321711,106.81417885823171,1,MEDIUM
-6.175917578321711,106.82316201107292,1,MEDIUM
-6.175917578321711,106.83214516391408,1,MEDIUM
-6.175917578321711,106.84112831675527,0,GOOD
-6.175917578321711,106.85011146959648,1,MEDIUM
-6.175917578321711,106.85909462243768,1,MEDIUM
-6.175917578321711,106.86807777527888,1,MEDIUM
-6.175917578321711,106.87706092812007,1,MEDIUM
-6.175917578321711,106.88604408096128,0,GOOD
-6.175917578321711,106.89502723380248,0,GOOD
-6.175917578321711,106.90401038664366,1,MEDIUM
-6.175917578321711,106.91299353948486,1,MEDIUM
-6.175917578321711,106.92197669232606,1,MEDIUM
-6.175917578321711,106.93095984516724,2,UNHEALTHY
-6.175917578321711,106.93994299800843,1,MEDIUM
-6.175917578321711,106.94892615084964,1,MEDIUM
-6.175917578321711,106.95790930369084,1,MEDIUM
-6.175917578321711,106.96689245653202,1,MEDIUM
-6.166934425480515,106.69739787129618,0,GOOD
-6.166934425480515,106.70638102413736,1,MEDIUM
-6.166934425480515,106.71536417697855,1,MEDIUM
-6.166934425480515,106.72434732981976,1,MEDIUM
-6.166934425480515,106.73333048266096,0,GOOD
-6.166934425480515,106.74231363550214,1,MEDIUM
-6.166934425480515,106.75129678834334,1,MEDIUM
-6.166934425480515,106.76027994118454,1,MEDIUM
-6.166934425480515,106.76926309402572,1,MEDIUM
-6.166934425480515,106.77824624686691,1,MEDIUM
-6.166934425480515,106.78722939970812,0,GOOD
-6.166934425480515,106.79621255254932,1,MEDIUM
-6.166934425480515,106.80519570539052,1,MEDIUM
-6.166934425480515,106.81417885823171,1,MEDIUM
-6.166934425480515,106.82316201107292,1,MEDIUM
-6.166934425480515,106.83214516391408,1,MEDIUM
-6.166934425480515,106.84112831675527,1,MEDIUM
-6.166934425480515,106.85011146959648,1,MEDIUM
-6.166934425480515,106.85909462243768,1,MEDIUM
-6.166934425480515,106.86807777527888,1,MEDIUM
-6.166934425480515,106.87706092812007,2,UNHEALTHY
-6.166934425480515,106.88604408096128,1,MEDIUM
-6.166934425480515,106.89502723380248,1,MEDIUM
-6.166934425480515,106.90401038664366,1,MEDIUM
-6.166934425480515,106.91299353948486,1,MEDIUM
-6.166934425480515,106.92197669232606,1,MEDIUM
-6.166934425480515,106.93095984516724,0,GOOD
-6.166934425480515,106.93994299800843,1,MEDIUM
-6.166934425480515,106.94892615084964,1,MEDIUM
-6.166934425480515,106.95790930369084,1,MEDIUM
-6.166934425480515,106.96689245653202,2,UNHEALTHY
-6.15795127263932,106.68841471845498,1,MEDIUM
-6.15795127263932,106.69739787129618,1,MEDIUM
-6.15795127263932,106.70638102413736,1,MEDIUM
-6.15795127263932,106.71536417697855,1,MEDIUM
-6.15795127263932,106.72434732981976,0,GOOD
-6.15795127263932,106.73333048266096,2,UNHEALTHY
-6.15795127263932,106.74231363550214,1,MEDIUM
-6.15795127263932,106.75129678834334,1,MEDIUM
-6.15795127263932,106.76027994118454,2,UNHEALTHY
-6.15795127263932,106.76926309402572,1,MEDIUM
-6.15795127263932,106.77824624686691,1,MEDIUM
-6.15795127263932,106.78722939970812,1,MEDIUM
-6.15795127263932,106.79621255254932,1,MEDIUM
-6.15795127263932,106.80519570539052,0,GOOD
-6.15795127263932,106.81417885823171,1,MEDIUM
-6.15795127263932,106.82316201107292,1,MEDIUM
-6.15795127263932,106.83214516391408,1,MEDIUM
-6.15795127263932,106.84112831675527,2,UNHEALTHY
-6.15795127263932,106.85011146959648,1,MEDIUM
-6.15795127263932,106.85909462243768,0,GOOD
-6.15795127263932,106.86807777527888,0,GOOD
-6.15795127263932,106.87706092812007,1,MEDIUM
-6.15795127263932,106.88604408096128,1,MEDIUM
-6.15795127263932,106.89502723380248,1,MEDIUM
-6.15795127263932,106.90401038664366,1,MEDIUM
-6.15795127263932,106.91299353948486,1,MEDIUM
-6.15795127263932,106.92197669232606,1,MEDIUM
-6.15795127263932,106.93095984516724,1,MEDIUM
-6.15795127263932,106.93994299800843,1,MEDIUM
-6.15795127263932,106.94892615084964,1,MEDIUM
-6.15795127263932,106.95790930369084,1,MEDIUM
-6.15795127263932,106.96689245653202,2,UNHEALTHY
-6.148968119798125,106.68841471845498,1,MEDIUM
-6.148968119798125,106.69739787129618,2,UNHEALTHY
-6.148968119798125,106.70638102413736,1,MEDIUM
-6.148968119798125,106.71536417697855,1,MEDIUM
-6.148968119798125,106.72434732981976,2,UNHEALTHY
-6.148968119798125,106.73333048266096,1,MEDIUM
-6.148968119798125,106.74231363550214,0,GOOD
-6.148968119798125,106.75129678834334,1,MEDIUM
-6.148968119798125,106.76027994118454,2,UNHEALTHY
-6.148968119798125,106.76926309402572,1,MEDIUM
-6.148968119798125,106.77824624686691,1,MEDIUM
-6.148968119798125,106.78722939970812,1,MEDIUM
-6.148968119798125,106.79621255254932,1,MEDIUM
-6.148968119798125,106.80519570539052,2,UNHEALTHY
-6.148968119798125,106.81417885823171,1,MEDIUM
-6.148968119798125,106.82316201107292,1,MEDIUM
-6.148968119798125,106.83214516391408,1,MEDIUM
-6.148968119798125,106.84112831675527,1,MEDIUM
-6.148968119798125,106.85011146959648,1,MEDIUM
-6.148968119798125,106.85909462243768,1,MEDIUM
-6.148968119798125,106.86807777527888,0,GOOD
-6.148968119798125,106.87706092812007,1,MEDIUM
-6.148968119798125,106.88604408096128,1,MEDIUM
-6.148968119798125,106.89502723380248,1,MEDIUM
-6.148968119798125,106.90401038664366,1,MEDIUM
-6.148968119798125,106.91299353948486,1,MEDIUM
-6.148968119798125,106.92197669232606,0,GOOD
-6.148968119798125,106.93095984516724,1,MEDIUM
-6.148968119798125,106.93994299800843,1,MEDIUM
-6.148968119798125,106.94892615084964,2,UNHEALTHY
-6.148968119798125,106.95790930369084,2,UNHEALTHY
-6.148968119798125,106.96689245653202,2,UNHEALTHY
-6.13998496695693,106.69739787129618,2,UNHEALTHY
-6.13998496695693,106.70638102413736,1,MEDIUM
-6.13998496695693,106.71536417697855,0,GOOD
-6.13998496695693,106.72434732981976,1,MEDIUM
-6.13998496695693,106.73333048266096,1,MEDIUM
-6.13998496695693,106.74231363550214,1,MEDIUM
-6.13998496695693,106.75129678834334,1,MEDIUM
-6.13998496695693,106.76027994118454,2,UNHEALTHY
-6.13998496695693,106.76926309402572,1,MEDIUM
-6.13998496695693,106.77824624686691,1,MEDIUM
-6.13998496695693,106.78722939970812,0,GOOD
-6.13998496695693,106.79621255254932,1,MEDIUM
-6.13998496695693,106.80519570539052,0,GOOD
-6.13998496695693,106.81417885823171,1,MEDIUM
-6.13998496695693,106.82316201107292,1,MEDIUM
-6.13998496695693,106.83214516391408,1,MEDIUM
-6.13998496695693,106.84112831675527,2,UNHEALTHY
-6.13998496695693,106.85011146959648,2,UNHEALTHY
-6.13998496695693,106.85909462243768,1,MEDIUM
-6.13998496695693,106.86807777527888,1,MEDIUM
-6.13998496695693,106.87706092812007,1,MEDIUM
-6.13998496695693,106.88604408096128,1,MEDIUM
-6.13998496695693,106.89502723380248,1,MEDIUM
-6.13998496695693,106.90401038664366,1,MEDIUM
-6.13998496695693,106.91299353948486,0,GOOD
-6.13998496695693,106.92197669232606,0,GOOD
-6.13998496695693,106.93095984516724,1,MEDIUM
-6.13998496695693,106.93994299800843,1,MEDIUM
-6.13998496695693,106.94892615084964,1,MEDIUM
-6.13998496695693,106.95790930369084,1,MEDIUM
-6.13998496695693,106.96689245653202,1,MEDIUM
-6.131001814115734,106.68841471845498,2,UNHEALTHY
-6.131001814115734,106.69739787129618,1,MEDIUM
-6.131001814115734,106.70638102413736,1,MEDIUM
-6.131001814115734,106.71536417697855,0,GOOD
-6.131001814115734,106.72434732981976,2,UNHEALTHY
-6.131001814115734,106.73333048266096,1,MEDIUM
-6.131001814115734,106.74231363550214,2,UNHEALTHY
-6.131001814115734,106.75129678834334,0,GOOD
-6.131001814115734,106.76027994118454,2,UNHEALTHY
-6.131001814115734,106.76926309402572,1,MEDIUM
-6.131001814115734,106.77824624686691,0,GOOD
-6.131001814115734,106.78722939970812,1,MEDIUM
-6.131001814115734,106.79621255254932,1,MEDIUM
-6.131001814115734,106.80519570539052,1,MEDIUM
-6.131001814115734,106.81417885823171,1,MEDIUM
-6.131001814115734,106.82316201107292,1,MEDIUM
-6.131001814115734,106.83214516391408,1,MEDIUM
-6.131001814115734,106.84112831675527,1,MEDIUM
-6.131001814115734,106.85011146959648,1,MEDIUM
-6.131001814115734,106.85909462243768,1,MEDIUM
-6.131001814115734,106.86807777527888,1,MEDIUM
-6.131001814115734,106.87706092812007,1,MEDIUM
-6.131001814115734,106.88604408096128,0,GOOD
-6.131001814115734,106.89502723380248,1,MEDIUM
-6.131001814115734,106.90401038664366,1,MEDIUM
-6.131001814115734,106.91299353948486,0,GOOD
-6.131001814115734,106.92197669232606,1,MEDIUM
-6.131001814115734,106.93095984516724,1,MEDIUM
-6.131001814115734,106.93994299800843,1,MEDIUM
-6.131001814115734,106.94892615084964,1,MEDIUM
-6.131001814115734,106.95790930369084,1,MEDIUM
-6.131001814115734,106.96689245653202,1,MEDIUM
-6.122018661274539,106.68841471845498,2,UNHEALTHY
-6.122018661274539,106.69739787129618,1,MEDIUM
-6.122018661274539,106.70638102413736,2,UNHEALTHY
-6.122018661274539,106.71536417697855,1,MEDIUM
-6.122018661274539,106.72434732981976,2,UNHEALTHY
-6.122018661274539,106.73333048266096,2,UNHEALTHY
-6.122018661274539,106.74231363550214,1,MEDIUM
-6.122018661274539,106.75129678834334,2,UNHEALTHY
-6.122018661274539,106.76027994118454,1,MEDIUM
-6.122018661274539,106.76926309402572,0,GOOD
-6.122018661274539,106.77824624686691,1,MEDIUM
-6.122018661274539,106.78722939970812,1,MEDIUM
-6.122018661274539,106.79621255254932,1,MEDIUM
-6.122018661274539,106.80519570539052,1,MEDIUM
-6.122018661274539,106.81417885823171,1,MEDIUM
-6.122018661274539,106.82316201107292,2,UNHEALTHY
-6.122018661274539,106.84112831675527,0,GOOD
-6.122018661274539,106.85011146959648,1,MEDIUM
-6.122018661274539,106.85909462243768,1,MEDIUM
-6.122018661274539,106.86807777527888,1,MEDIUM
-6.122018661274539,106.87706092812007,0,GOOD
-6.122018661274539,106.88604408096128,1,MEDIUM
-6.122018661274539,106.89502723380248,1,MEDIUM
-6.122018661274539,106.90401038664366,1,MEDIUM
-6.122018661274539,106.91299353948486,1,MEDIUM
-6.122018661274539,106.92197669232606,1,MEDIUM
-6.122018661274539,106.93095984516724,0,GOOD
-6.122018661274539,106.93994299800843,1,MEDIUM
-6.122018661274539,106.94892615084964,1,MEDIUM
-6.122018661274539,106.95790930369084,1,MEDIUM
-6.122018661274539,106.96689245653202,1,MEDIUM
-6.113035508433344,106.69739787129618,2,UNHEALTHY
-6.113035508433344,106.70638102413736,1,MEDIUM
-6.113035508433344,106.71536417697855,1,MEDIUM
-6.113035508433344,106.72434732981976,1,MEDIUM
-6.113035508433344,106.73333048266096,1,MEDIUM
-6.113035508433344,106.74231363550214,1,MEDIUM
-6.113035508433344,106.75129678834334,1,MEDIUM
-6.113035508433344,106.76027994118454,1,MEDIUM
-6.113035508433344,106.76926309402572,1,MEDIUM
-6.113035508433344,106.77824624686691,1,MEDIUM
-6.113035508433344,106.78722939970812,0,GOOD
-6.113035508433344,106.79621255254932,1,MEDIUM
-6.113035508433344,106.80519570539052,1,MEDIUM
-6.113035508433344,106.85909462243768,1,MEDIUM
-6.113035508433344,106.86807777527888,0,GOOD
-6.113035508433344,106.87706092812007,0,GOOD
-6.113035508433344,106.88604408096128,0,GOOD
-6.113035508433344,106.89502723380248,0,GOOD
-6.113035508433344,106.90401038664366,0,GOOD
-6.113035508433344,106.91299353948486,1,MEDIUM
-6.113035508433344,106.92197669232606,1,MEDIUM
-6.113035508433344,106.93095984516724,2,UNHEALTHY
-6.113035508433344,106.93994299800843,1,MEDIUM
-6.113035508433344,106.94892615084964,1,MEDIUM
-6.113035508433344,106.95790930369084,2,UNHEALTHY
-6.113035508433344,106.96689245653202,1,MEDIUM
-6.104052355592149,106.69739787129618,1,MEDIUM
-6.104052355592149,106.70638102413736,1,MEDIUM
-6.104052355592149,106.71536417697855,1,MEDIUM
-6.104052355592149,106.72434732981976,1,MEDIUM
-6.104052355592149,106.73333048266096,1,MEDIUM
-6.104052355592149,106.74231363550214,1,MEDIUM
-6.104052355592149,106.75129678834334,0,GOOD
-6.104052355592149,106.79621255254932,2,UNHEALTHY
-6.104052355592149,106.87706092812007,1,MEDIUM
-6.104052355592149,106.88604408096128,1,MEDIUM
-6.104052355592149,106.89502723380248,1,MEDIUM
-6.104052355592149,106.90401038664366,1,MEDIUM
-6.104052355592149,106.91299353948486,1,MEDIUM
-6.104052355592149,106.92197669232606,0,GOOD
-6.104052355592149,106.93095984516724,0,GOOD
-6.104052355592149,106.93994299800843,2,UNHEALTHY
-6.104052355592149,106.94892615084964,1,MEDIUM
-6.104052355592149,106.95790930369084,0,GOOD
-6.104052355592149,106.96689245653202,2,UNHEALTHY
-6.095069202750953,106.70638102413736,1,MEDIUM
-6.095069202750953,106.71536417697855,0,GOOD
-6.095069202750953,106.72434732981976,1,MEDIUM
-6.095069202750953,106.73333048266096,0,GOOD
-6.095069202750953,106.74231363550214,1,MEDIUM
-6.095069202750953,106.75129678834334,0,GOOD
-6.086086049909758,106.73333048266096,1,MEDIUM
-6.086086049909758,106.75129678834334,1,MEDIUM
-6.077102897068563,106.75129678834334,1,MEDIUM
